path,opening_type,story_score,actor,observable,stake,opening
docs/ai-native/index.md,definition/meta,1,0,0,1,"Pages in This Section | Page | Covers | |------|--------| |  Model Serving  model-serving.md  | Batching  static vs. continuous , KV cache, GPU autoscaling/cold starts, quantization, cost model | Out of scope for this site, by design:   context windows, scheduling, routing/gateways, RAG, hybrid search, reranking, embeddings, vector DBs, tools/agents, evals, guardrails, hallucination mitigation. That material lives in a dedicated AI engineering resource:  sanketn26.github.io/AIEngineering  https://sanketn26.github.io/AIEngineering/ . This section stays narrow on purpose —  Model Serving  model-serving.md  covers the systems/infra side of running models  batching, KV cache, autoscaling, cost  because that's squarely a distributed-systems problem, which is this site's lane. Application-layer AI engineering is a different discipline with its own resource. Next:    Model Serving →  model-serving.md"
docs/ai-native/model-serving.md,definition/meta,2,0,1,1,"Why This Exists A conventional REST API's cost model is roughly: more requests, more CPU, scale horizontally, done — each request is cheap, stateless, and independent. Serving a large model breaks every part of that assumption. A single inference request can occupy tens of gigabytes of GPU memory, take seconds instead of milliseconds, and produce output token-by-token rather than all at once. Treating model serving like ""a REST API that happens to call a model"" produces systems that either waste enormous GPU spend on underutilization or fall over the first time concurrent load actually arrives. The interview-relevant skill is understanding that model serving is fundamentally a   batching and memory management problem wearing an HTTP API's clothes.   Throughput and latency are in direct tension — batching more requests together raises GPU utilization and throughput but raises the latency of every request in that batch, because they all wait for the slowest one. Get that trade-off right and autoscaling, cost, and failure modes all follow logically. !!! tip ""Mental model"" A GPU running inference is like a   kitchen with one large oven that's only efficient when full.   Cooking one dish at a time wastes most of the oven's capacity — most of a modern GPU's compute goes idle serving one request, because it's memory-bandwidth bound, not compute bound, at batch size one. Cramming in more dishes  bigger batches  uses the oven efficiently, but now every dish waits for the slowest one to finish, and if you queue too many, the first orders get cold before they're served. The whole discipline of model serving is deciding how full to pack the oven and how long anyone's willing to wait for the batch to fill. Batching Strategies Static batching   — the naive approach: collect N requests, run them through the model together as one fixed-size batch, return all N results together. Simple, but the batch can't start until it's full  adds latency waiting to fill  and the whole batch is only as fast as its longest-generating request — a request needing 500 output tokens holds up 31 other requests that only needed 20. Dynamic / continuous batching    the vLLM-style approach that most production serving stacks now use  — requests join and leave the batch at the token-generation-step granularity, not per-request. As soon as one request finishes generating, its slot in the batch is immediately reused by the next waiting request, instead of waiting for the entire batch to complete. This turns a batch-of-32 that was previously bottlenecked by its slowest member into a rolling pipeline where GPU utilization stays high and no finished request's slot sits idle. KV cache management   — during autoregressive generation, each new token's attention computation needs the key/value tensors from every previous token in the sequence. Recomputing them from scratch each step would be enormously wasteful, so they're cached  the ""KV cache""  and reused. The catch: the KV cache grows linearly with sequence length and is held in GPU memory for the entire lifetime of a request — it's usually the actual constraint on how many concurrent requests fit on a GPU, not the model weights themselves. This is why techniques like   PagedAttention    allocating KV cache in non-contiguous, page-sized blocks, the same idea as OS virtual memory paging  matter: naive contiguous allocation fragments memory and wastes a large fraction of it, capping concurrency well below what the hardware could otherwise support. Request Flow Through a Model Server The loop back from GPU to batcher is the key structural difference from a stateless REST call: a single request occupies a slot across many iterations of this loop  one per output token , not one pass through. Autoscaling and Cold Starts"
docs/architecture-patterns/api-architectural-styles.md,definition/meta,1,1,0,0,"Why This Exists API Design  ../foundations/api-design.md  covers REST and GraphQL in depth — verb contracts, idempotency, over/under-fetching.  Microservices Communication  microservices-communication.md  covers  when to go synchronous vs. async  and picks gRPC as the synchronous internal default. Neither page puts all five styles you'll actually encounter — REST, GraphQL, gRPC, SOAP, and webhooks — side by side and asks the question an interviewer actually asks:   ""you have five options, why this one, for this caller?"" This page is that comparison. It doesn't re-derive REST or GraphQL mechanics  see  API Design  ../foundations/api-design.md  for that  — it's the decision layer on top, plus the two styles that page doesn't cover at all:   SOAP  , which you'll meet at any company with a 15-year-old enterprise integration, and   webhooks  , which every notification/payment/CI system in this repo already assumes exist but nothing has explained as a pattern with its own failure modes. !!! tip ""Mental Model"" Every style answers one question:   who initiates, and how much does the client get to shape the response? REST: client asks for a resource, server decides the shape. GraphQL: client asks for a resource, client decides the shape. gRPC: client calls a typed function, server executes it — not a resource model at all. SOAP: client calls a typed function too, but wrapped in a rigid, self-describing contract  WSDL  built for interop between organizations that don't trust each other's tooling. Webhooks: nobody ""calls"" anything — the   server   initiates, pushing to a client-provided URL when something happens. The Five Styles REST — resources, standard verbs"
docs/architecture-patterns/batch-etl-lambda-kappa.md,scene/hook,3,1,1,1,"Why This Exists Stream Processing  stream-processing.md  makes the case for computing continuously over unbounded data — but most data platforms don't run  only  streaming pipelines, and pretending batch is obsolete is its own mistake. A lot of real analytical work is naturally batch: a finance team's month-end reconciliation, a nightly model retraining job, a data warehouse load that only needs to be correct by 6 a.m.   Batch isn't a worse version of streaming — it's the right tool when latency doesn't matter and you want the operational simplicity of ""run it, verify it, done"" over the complexity of a system that runs forever. The actual design problem most data platforms face is:   you need both   — a low-latency path for the dashboards and alerts that can't wait until tomorrow, and a batch path for the deep, correctness-checked analytics that can. How you combine the two is what Lambda and Kappa architecture are competing answers to. Batch/ETL: The DAG Model A batch pipeline is a directed acyclic graph  DAG  of steps — extract data from sources, transform it, load it into a destination — orchestrated to run on a schedule or triggered by an upstream event  a file landing, an upstream job finishing . -   Orchestration    Airflow, Dagster, and similar tools  tracks the DAG's dependencies, retries failed steps, and enforces ordering — step 2 doesn't run until step 1 actually succeeded, not just ""probably finished by now."" This is the piece that turns ""a bunch of cron jobs""  which run on a schedule regardless of whether the upstream data was actually ready  into a real pipeline with correctness guarantees about ordering. -   Idempotent, re-runnable steps   are the same discipline as the idempotency pattern covered for remote calls in  Distributed Systems  ../distributed-systems/index.md idempotency-the-one-tool-that-makes-retries-safe  — a batch step needs to produce the same output whether it runs once or is re-run after a failure halfway through, because ""just re-run the DAG"" is the standard recovery mechanism, and it only works safely if re-running doesn't double-count or double-load data. -   Backfills   — reprocessing historical data after a bug fix or a schema change — are a first-class batch operation with no real streaming equivalent: you can rerun last month's DAG runs against corrected logic because the source data is still sitting there, bounded and unchanged. A pure streaming system has already processed and often discarded the raw events by the time a bug is found, which is why even heavily-streaming shops usually keep a batch/backfill path alive. !!! tip ""Batch isn't legacy — it's a latency/complexity trade you make on purpose"" The failure mode isn't ""using batch"" — it's using batch for something that actually needs sub-minute freshness  fraud scoring, live inventory  because streaming felt like more effort to build. The design question is always ""what does this specific pipeline's freshness requirement actually demand,"" the same discipline as picking a DR tier by RTO/RPO rather than defaulting to the most sophisticated option. Lambda Architecture: Batch and Streaming, Side by Side Lambda architecture is the original answer to ""I need both a correct historical view and a low-latency live view"":   run the same logic twice, in two separate systems, and merge the results at query time."
docs/architecture-patterns/crdts.md,definition/meta,2,0,1,1,"Why This Exists Problem: multiple writers, no leader, and you still need the data to converge. A single-leader database sidesteps the hard multi-writer problem by having exactly one place writes go — conflicts can't happen because there's only ever one writer to agree with. That works until you need writers who can't reach a leader: a laptop that's offline on a flight, a phone in airplane mode, or a genuinely multi-region system where routing every write to one region adds latency you can't afford. Multi-leader replication  see  DDIA Concepts  ../databases/ddia-concepts.md part-7-conflict-free-replicated-data-types-crdts   lets each region accept writes locally, but then two regions can concur on different values for the same field, and  something  has to resolve that conflict — last-write-wins, a merge function, or surfacing it to a human  a Git merge conflict . The DDIA page introduces this at a high level: LWW counters and vector clocks as motivating examples of why automatic merge is hard. This page goes one level deeper: CRDTs are a family of data structures engineered so that merge is not just automatic, but  mathematically guaranteed to converge  — no matter what order updates are applied in, no matter how many times a message is delivered twice, and without any coordination between replicas at write time.   That guarantee is what makes offline-first apps  Figma's multiplayer cursors, Notion's blocks, Redis CRDTs in Enterprise, Riak's data types  possible without a central arbiter. Mental Model: Convergent Merge, Not Conflict Resolution Think of two people independently editing the same shared shopping list on paper, each starting from the same list, unable to talk to each other until they meet up later. A naive approach  ""last person to write wins""  means whoever wrote  last  — by clock time — overwrites the other's changes entirely, even if their change was ""add butter"" and the other's was ""add milk."" One of those additions is silently lost. That's what LWW-Register does, and the DDIA page's LWW-Counter example shows exactly this failure: Device-B's real increment gets thrown away because Device-A's clock says it wrote later. A CRDT is designed differently:   the data structure itself is built so that merging two independently-edited copies, in any order, any number of times, produces a result any reasonable person would accept as ""both people's edits, combined.""   A CRDT counter doesn't store ""the count"" — it stores ""how much  each  replica contributed,"" and merging just takes the max  or sum  per replica. There's no moment where you decide a winner and a loser; the structure makes ""combine both"" the  only  possible outcome of a merge. The formal property that makes this work is that CRDT merge functions are commutative, associative, and idempotent — apply updates in any order  commutative , group them any way  associative , and apply the same update twice with no extra effect  idempotent . Any function with those three properties converges to the same result regardless of delivery order or duplication — which is exactly what an unreliable, unordered network gives you for free. Architecture: Divergence and Convergence Across Regions What this shows:   replicas accept writes independently while partitioned  no coordinator, no blocking , diverge in their local view, and then converge to the identical state once anti-entropy gossip has propagated — no matter which pair talked to which first, and safely even under duplicate delivery, because  merge   here, per-replica max/sum  is commutative, associative, and idempotent."
docs/architecture-patterns/distributed-transactions.md,definition/meta,2,0,1,1,"Why This Exists Sagas  sagas.md  tells you  not  to use two-phase commit for checkout, and moves on to compensations. That's the right call for payments-plus-carrier-APIs — but it skips the mechanics, and ""why not 2PC"" only lands if you've seen what 2PC actually  is , what it guarantees, and precisely where it breaks. This page is that: the protocol, the coordinator crash that makes it dangerous, 3PC's attempt to fix it, TCC as the pattern people reach for when they want atomicity without XA, and the narrow set of situations where a distributed transaction is still the right answer. The problem, stated precisely:   you have N participants  databases, message brokers, services  and you need   all-or-nothing   across them — not ""eventually all-or-nothing after compensations run,"" but every participant genuinely commits, or every participant genuinely aborts, with no window where the  final outcome  could differ between participants. Precisely what this guarantees, and what it doesn't:   2PC's atomic-commit guarantee is that participants never reach  conflicting  final decisions — it is never the case that participant A ends up committed while participant B, given the same protocol run, ends up aborted. It does   not   mean all participants become visibly committed at the same physical instant. Phase 2 sends the  COMMIT  message to each participant separately, and each executes its own local commit independently, in whatever order messages happen to arrive — participant A can finish committing and become visible to readers milliseconds  or, under a slow network, much longer  before participant B does. An outside observer querying A and B during that window sees exactly the partial-looking state this page's requirements list would seem to rule out: A already reflects the new balance, B still shows the old one — even though both  will  end up committed, and the protocol never risked one committing while the other aborted. Preventing that visibility gap  true global isolation across participants  needs coordination beyond atomic commit itself — e.g. a global lock held until every participant confirms, or routing all reads through a component that knows the transaction hasn't fully settled. 2PC alone buys you consistent  outcomes ; it doesn't buy you simultaneous  visibility . A single-database  BEGIN...COMMIT  gives you this for free via the DB's own WAL and locking. Across three databases, you need a protocol that makes participants agree — and that agreement is the entire hard part. !!! tip ""Mental Model"" 2PC is a wedding, not a saga's elopement-with-annulment-on-standby. Everyone stands at the altar    prepared  , locks held, ready to say ""I do""  and waits for the officiant    coordinator    to ask each in turn, collect every ""yes,"" and only then declare it official. If the officiant collapses mid-ceremony after collecting some ""yes""es but before announcing anything, everyone is stuck standing there — legally neither married nor free to leave — until someone revives the officiant or a very awkward protocol kicks in to sort it out. Two-Phase Commit  2PC Phase 1: Prepare  vote The coordinator asks every participant:  ""Can you commit this?""  Each participant does everything short of actually committing — validates constraints, writes to its own durable log,   acquires and holds every lock   it would need — then replies  YES   prepared, promise to commit if told  or  NO   abort . Phase 2: Commit or Abort  decide If   all   participants voted  YES , the coordinator durably logs ""commit"" and tells everyone to commit. If   any   voted  NO   or timed out , the coordinator tells everyone to abort. Participants obey unconditionally — a  YES  vote in phase 1 is a binding promise, not a suggestion."
docs/architecture-patterns/event-driven-architecture.md,definition/meta,2,1,0,1,"Why This Exists Start with the request/response version of ""a user places an order"": This works, and it's the wrong shape at scale.   Every new consumer of ""an order happened"" requires editing  place order  — add loyalty points, add fraud scoring, add a warehouse-capacity check, and  order service  now imports and calls five other services directly. It's coupled in both directions:  order service  needs to know every consumer that exists, and if  notification service  is slow or down,  place order  is slow or down too, even though a delayed confirmation email is not something that should block checkout. Event-driven architecture inverts this.    order service  doesn't call anyone — it publishes a fact, and anyone who cares subscribes to it. The trade being made  :  order service  no longer knows what happens after it publishes. That's the entire point — and it's also the entire cost. You've bought independent deployability and the ability to add new reactions without touching the source. You've paid for it with the one thing that made the request/response version easy to reason about:   you can no longer read the code and see the whole flow. Mental Model: Notification vs. State Transfer Not all events are the same shape, and conflating them is where most event-driven designs go wrong. Event Notification  : the event is a thin signal — ""something happened, here's an ID, come ask me for details if you need them."" Small payloads, but consumers now make a synchronous call back to the publisher to get details, which silently reintroduces the coupling and availability dependency you were trying to remove. Event-Carried State Transfer  : the event carries everything a typical consumer needs. No callback required. The cost: the publisher now has to think about what every consumer might need  payload design becomes an API contract , and you're duplicating data across services  the order's total now lives in payment-service's local copy too  — which means you've traded a live coupling for an eventual-consistency problem: what happens when the source updates and the copies don't? Choreography: The Coordination Problem Event-Driven Systems Inherit Sagas  sagas.md  already introduced choreography vs. orchestration for one specific use case  undoing a multi-step transaction . Event-driven architecture is choreography as the  default  coordination style for the whole system, not just failure recovery — which means the same trade-off shows up everywhere, not just in sagas. Nobody wrote this sequence down.   It emerged from five services each independently subscribing to the event that precedes their own reaction. This is the architecture's core tension:"
docs/architecture-patterns/event-sourcing-cqrs.md,definition/meta,2,1,0,1,"Why This Exists Problem 1: Write and read shapes don't match. Your write side:  user.update {email, phone, preferences}   → one Postgres table. Your read side: Homepage needs  user ID, name, profile pic, follower count, recent posts, badge . That's a join across 4 tables, and the follower count is expensive to compute. Add real-time search, and you need Elasticsearch denormalization. One table that optimizes writes breaks reads. A schema that optimizes reads locks you into that read shape — add a new dashboard that needs different fields, and you rewrite migrations. Problem 2: State transitions are implicit. You see  order.status = ""shipped"" . You don't see  why  — did the warehouse process it? Did the customer force a status change via a bug? Did it roll back from shipped to pending? At 3 a.m., you need the history. Postgres has that in WAL and CDC, but it's not in your application's mental model. Problem 3: Current state is a lossy projection. user.updated at = 2025-08-14  tells you  when , not what changed or why. You can't recompute old reports. You can't debug ""the system was consistent at T1 but not at T2"" without full audit logs. Mental Model: Events Are the Source of Truth Think of it like a bank ledger vs. a balance sheet. Ledger  Events :   Every transaction is recorded. You can:"
docs/architecture-patterns/index.md,scene/hook,3,1,1,1,"A pattern is a named response to a pressure you have already identified. If you cannot name the pressure, you do not get the box. Why This Exists Patterns are the most abused vocabulary in system design interviews. A candidate says ""I'd use CQRS with event sourcing and a saga orchestrator"" thirty seconds into a problem that has 100 users and no stated consistency requirement. That answer is worse than ""I'd use Postgres,"" because it demonstrates recall without judgment. Every pattern here   buys   something specific and   costs   something specific. The cost is almost always the same currency:   complexity, and a consistency guarantee you used to get for free.   A senior engineer names both sides of that trade before adopting a pattern. A mid-level engineer names only the benefit. The discipline:  identify the pressure, then earn the pattern. Mental Model: Patterns Are Answers to Pressures Read that table right-to-left and you get cargo cult. Read it left-to-right and every box in your design has a reason you can defend under questioning. !!! tip ""The question that separates levels"" For any pattern you propose, an interviewer will ask   ""what does this cost you?""   Have the answer ready: Saga  → no atomic rollback, you write compensations, and intermediate states are visible. CQRS  → the read model is stale by some window you must specify. Event sourcing  → schema evolution of old events is genuinely hard, and rebuilds get slow."
docs/architecture-patterns/microservices-communication.md,scene/hook,3,1,1,1,"!!! example ""Hypothetical order incident"" Checkout calls User and Inventory synchronously. Inventory slows from 40 ms to 4 s, checkout threads fill, and orders stop even though User and the database are healthy. Publishing everything as events would remove the wait but make confirmation and compensation harder. The communication pattern is earned by the latency and consistency the order flow can actually tolerate. Why This Exists Every in-process function call you split across a network boundary inherits three new failure modes it never had before: the call can be   slow  , it can   fail  , or it can   succeed on the far end while the response is lost   — meaning the caller can never fully distinguish ""it didn't happen"" from ""it happened but I don't know."" Every communication pattern on this page is a different answer to living with that ambiguity. ""Great system design isn't about memorizing eight patterns"" — it's picking the cheapest one that matches the actual coupling requirement, and being able to say why the other seven were wrong for this call. !!! tip ""Mental model"" Two independent axes decide the pattern:   synchronous vs. asynchronous    does the caller block for an answer?  and   one consumer vs. many    point-to-point vs. broadcast . Everything below is a point in that 2x2, plus two patterns  saga, service mesh  that sit a layer above individual calls. Synchronous: Request/Response REST over HTTP   — caller sends a request, blocks, gets a response. The default for anything user-facing: CRUD APIs, mobile/web clients, anywhere an immediate answer is the point. Cost:   both services must be up and responsive  at the same instant . If the callee is slow, the caller is slow — and without a timeout and circuit breaker  see  Circuit Breakers  ../reliability/circuit-breakers.md  , one slow dependency turns into a thread-pool exhaustion cascade across every caller. gRPC   is the same synchronous shape with a different wire format: Protocol Buffers over HTTP/2 instead of JSON over HTTP/1.1. Smaller payloads, lower latency, and a strongly-typed schema contract   .proto  files  — the trade is weaker browser support and a debugging experience that needs  grpcurl /reflection instead of  curl  and eyeballing JSON. The default choice for internal service-to-service calls at scale; REST remains the default for anything a browser or third party talks to directly. Asynchronous, One Consumer: Message Queue"
docs/architecture-patterns/microservices-vs-monolith.md,scene/hook,3,1,1,1,"Why This Exists Microservices is the most expensive architectural decision most companies make, and the most poorly understood. The pitch is always ""scalability,"" but   the real pressure is organizational: many teams cannot coordinate inside one deployable.   A startup of 5 people does not have this pressure. A company of 500 across 100 teams does. This page cuts through the hype: when to adopt microservices  late, not early , what breaks when you do it wrong  everything , and what you should do instead  modular monolith, until the pain is undeniable . Mental Model: Where Microservices Fit in Your Timeline The pattern:   Almost no company got it right the first time. AWS started as a monolith. Uber started as a monolith. Netflix started as a monolith. The companies that grew fast with microservices from day one are... none that matter. The companies that grew fast, period, are the ones that delayed the decision until the pain was real. The Organizational Pressure, Not Scaling What everyone says:   ""We need microservices for scalability."" What they actually mean  if they're honest :   ""We have 40 engineers and three teams; they keep breaking each other's deploys and stepping on each other's changes."" That is a real problem. It is not, however, a  technology  problem. It is an  organizational  problem. Microservices is one answer; a modular monolith with clear team ownership is often a better first answer. Scaling a monolith:   a well-built monolith scales horizontally without touching architecture. Deploy 10 copies behind a load balancer, each reads from the same database, and you've just 10× throughput. The database may become the bottleneck, but that is a data-layer problem, not a monolith-is-broken problem. Scaling across teams:   this is where monoliths actually break. When teams have independent release cadences, one team's deploy broke three others' tests, and it takes 45 minutes to ship a one-line fix, the pain is acute. The solution microservices offers:   each service has an owner, a boundary, and an independent deploy cycle.   The organization now reflects in the architecture — Conway's Law in action."
docs/architecture-patterns/multi-tenancy.md,definition/meta,2,1,0,1,"Why This Exists A B2B SaaS product serves many customers  tenants  from one codebase. The question that shapes the entire architecture, usually asked far too late:   how isolated is one tenant's data and performance from every other tenant's?   Get this wrong in either direction and it's expensive — too little isolation and one noisy tenant's batch job degrades every other tenant's response time, or worse, a bug leaks Tenant A's data into Tenant B's view  the single worst incident category in B2B SaaS . Too much isolation  a fully separate stack per tenant  and operational cost scales linearly with customer count, undermining the entire economic argument for building a shared platform in the first place. This is a spectrum, not a binary, and the right point on it is usually different for different resources within the same system   — a company might isolate tenant  data  strictly while sharing  compute  freely, or vice versa. The Three Isolation Models -   Silo  dedicated :   each tenant gets its own database, and often its own application instance. Strongest isolation — a bug in one tenant's data path structurally cannot touch another tenant's, and a noisy tenant can't degrade anyone else's performance. Most expensive per-tenant and the hardest to operate at scale — patching, deploying, and monitoring N separate stacks instead of one. -   Pool  shared :   all tenants share the same database and application instances, distinguished by a  tenant id  column  or partition key  on every table. Cheapest, most operationally simple — one thing to deploy, patch, and scale. Isolation is enforced entirely in application logic  every query must filter by  tenant id  , which means   isolation is only as strong as the weakest query   — miss the filter once, in one endpoint, and you have a cross-tenant data leak. -   Bridge  hybrid :   most real SaaS products land here. Smaller/cheaper-tier tenants share a pool; larger or compliance-sensitive tenants  an enterprise customer with a contractual data-isolation requirement, or one large enough that its load alone justifies dedicated capacity  get siloed. The isolation model becomes a   pricing tier  , not just a technical decision — ""dedicated infrastructure"" is frequently sold as an enterprise-plan feature, which means this architectural choice has a direct line to the pricing page. Data Isolation: Where  tenant id  Actually Lives In a pooled model, the mechanism enforcing isolation is worth being specific about, because ""we filter by tenant id"" undersells how easy it is to get wrong: | Approach | How it works | Isolation strength | |---|---|---| | Shared table,  tenant id  column, app-level filtering | Every query includes  WHERE tenant id = ? , enforced by application code / ORM | Weakest — one missed filter in one query path is a cross-tenant leak; no structural guarantee |"
docs/architecture-patterns/sagas.md,scene/hook,3,1,1,1,"Why This Exists Checkout is four writes that  look  like one business transaction: 1.   Create order    order service 2.   Reserve inventory    warehouse 3.   Charge the card    payments 4.   Create shipment    shipping Each write lives in a different database. You charge the card. Shipping's API returns 503. The customer was billed. Nothing will leave the warehouse. A   local transaction   cannot span those databases.   Two-phase commit  2PC    can, on paper — and then a coordinator crash, a lock held across a network partition, and a 2-second payment gateway turn your checkout into a distributed deadlock. A   saga   accepts that each step commits locally, and that   undo is your job  : release the stock, refund the charge, mark the order cancelled. The interview problem is not ""what is a saga."" It is:   shipping fails after payment — what exactly runs, in what order, and what is still true if the refund itself fails? !!! tip ""Mental Model"" A travel agent books a flight, then a hotel, then a car. If the car is sold out, they do not un-commit the airline's database with XA. They   cancel the hotel   and   void the flight   — compensations — each its own transaction. If the void fails, someone still has a ticket and a problem. That leftover is why sagas need   retries, idempotency, and a human/ops path  , not just a diagram. Local TX vs 2PC vs Saga"
docs/architecture-patterns/serverless-vs-containers.md,scene/hook,3,1,1,1,"Why This Exists The question interviews actually ask isn't ""microservices or monolith"" — it's ""how much operational control do you want to give up, and what does giving it up cost you?"" Monolith, microservices, and serverless are three points on one spectrum, not three unrelated architectures. Each step along it trades a slice of operational responsibility for a corresponding loss of control: -   Monolith:   you control the process, the machine, the deploy — and you own all of it, forever. -   Microservices:   you still own the machine and the deploy per service, but you've distributed the  decision  of who owns what — Conway's Law in code. -   Serverless  FaaS :   the provider owns the machine, the process lifecycle, the scaling, and the patching. You own a function and its trigger. You gave up the most control and, correspondingly, the most responsibility. Candidates who treat this as ""serverless is just microservices, smaller"" miss the actual engineering trade-off:   serverless changes your execution model, not just your deployment granularity.   No persistent process means no in-memory cache between requests, no long-lived connections without extra plumbing, and a cold-start tax that a warm container never pays. That's a different set of failure modes than microservices has, and a different cost model than either monolith or microservices. Mental Model: Renting a Kitchen by the Hour vs. Owning One Monolith = owning a house with one kitchen.   You cook everything in it. If the stove breaks, dinner stops. But you know exactly where everything is, and there's no coordination overhead — one cook, one kitchen, one meal. Microservices = owning a restaurant with a kitchen per station    grill, salad, dessert . Each station has its own equipment, its own staff, and can be renovated independently — but you're paying rent, staffing, and utilities for every station, whether or not it's busy that night. And a ticket for a burger now has to travel between stations to become a complete plate. Serverless = renting a shared commercial kitchen by the hour, on demand.   You show up when there's an order, cook, and leave — you pay only for the minutes you used the stove. But if it's been sitting cold, the first thing you do is walk in, find the equipment, and warm it up — that's the cold start. You cannot leave a pot simmering on the stove between visits  no persistent state between invocations , and if 500 orders arrive at once, you need 500 available kitchens simultaneously — the venue either has that capacity or you queue. Architecture: Request Lifecycle, Cold Start vs. Warm Container"
docs/architecture-patterns/stream-processing.md,scene/hook,3,1,1,1,"Why This Exists Problem 1: Batch has a latency floor you cannot engineer away. A nightly Spark job that computes ""fraud score per user"" runs at 2 a.m. and finishes at 4 a.m. A fraudulent transaction at 9 a.m. gets scored  tomorrow . It doesn't matter how much you optimize the job — the architecture itself has a 24-hour latency floor, because the job only runs once a day over a bounded chunk of data. Shrinking the batch window to hourly just moves the floor to an hour; you're still bounding an inherently unbounded thing  a live transaction feed  and paying re-computation cost every cycle. Problem 2: The data doesn't stop, but your job does. Batch has a start and an end: read the file, compute, write the result, exit. A stream of clickstream events, sensor readings, or order events never ends. Modeling it as ""yesterday's batch"" is a lossy simplification of what it actually is — a continuous, infinite sequence of records that need continuous computation. Problem 3: Events arrive out of order, and ""now"" is ambiguous. A mobile event generated at 9:00:00 might not reach your Kafka topic until 9:00:45 because the phone was in a tunnel. If you group events by  when your server saw them , you get a windowed count that's an artifact of network conditions, not of user behavior. You need to reason about  when the event happened , not  when you noticed it  — and that distinction  event time vs. processing time  doesn't exist in batch processing at all, because in batch, every record is already sitting in front of you. Stream processing engines  Flink, Kafka Streams, Spark Structured Streaming  exist to answer:  how do you compute correct, continuously-updating aggregates over data that never stops arriving and never arrives in order? Mental Model: Conveyor Belt vs. Warehouse Picking Batch  warehouse picking :   Once a day, a truck backs up to the warehouse. Workers walk every aisle, pick every item on the day's list, load the truck, and it leaves. If a new order comes in five minutes after the truck departs, it waits for tomorrow's truck. The whole operation is bounded — start, do the work, finish, stop. Streaming  conveyor belt :   Items are placed on the belt continuously, any time, any rate. Workers stand at fixed stations and process each item  as it passes  — inspect it, route it, count it in a running tally. There is no ""run"" that finishes; the belt just keeps moving. A worker who falls behind doesn't get to catch up during a quiet period at 2 a.m. — the belt has to slow down or items pile up  backpressure . The subtlety that trips people up:   items can fall off the belt and get placed back on out of order.   A worker counting ""items per minute"" has to decide: do I wait for a possibly-late item, or close out the minute and risk being wrong? That decision — how long to wait for stragglers — is exactly what watermarks formalize."
docs/behavioural/ambiguity.md,definition/meta,1,1,0,0,"Theme:   Judgement & Ownership |   Seniority:   Senior → Staff Why This Question Gets Asked ""Tell me about an ambiguous problem"" tests whether you can operate without someone else defining success for you. This is the opposite skill from ""here's a ticket, implement it."" Interviewers are checking: - Can you define the problem yourself, when nobody handed you a clean spec? - Do you know how to reduce uncertainty cheaply before committing to a big plan? - Can you set your own success criteria, and defend that they were the right ones? - Do you know when to ask for more information versus when to just decide and move? !!! tip ""Interview Insight 🎯"" Weak answers describe a ticket that merely  felt  vague at first glance but had an obvious right answer within a day. The strong version has genuine, sustained uncertainty — the interviewer should be able to ask ""how did you know that was the right problem to solve?"" and get a real answer, not a shrug. STAR + Reflection Framework Seniority Differentiation === ""Weak Response"""
docs/behavioural/failure-learning.md,scene/hook,3,1,1,1,"Theme:   Ownership & Growth |   Seniority:   Senior → Staff → Principal Why This Question Gets Asked ""Tell me about a time you failed"" is one of the most misread prompts in the loop. Candidates hear it as a trap and respond by either flinching  a fake-humble non-failure with no real stakes  or overcorrecting  a public self-flagellation session with no systemic fix . Neither answers what the interviewer is actually testing: - Do you have enough self-awareness to recognize your own mistakes, or does everything bad happen  to  you? - When something breaks because of a decision you made, do you own it cleanly, without deflecting to ""the requirements were unclear"" or ""the team didn't have enough time""? - Do you extract a   systemic   lesson, or just a personal one?  ""I should have double-checked"" vs. ""we now require a second reviewer on schema migrations."" - Has your behavior actually changed since, or is the ""lesson"" a line you say in interviews but never applied? !!! tip ""Interview Insight 🎯"" This question separates candidates into three tiers fast. Tier one picks a non-failure  ""I worked too hard and burned out"" — not a failure, a humblebrag . Tier two picks a real failure but narrates it as something that happened to them, with the lesson landing on ""communicate more."" Tier three picks a real failure, owns the decision that caused it without theatrics, and describes a concrete change to the  system  — a lint rule, a review gate, a personal checklist — that makes the same class of mistake harder to repeat. STAR + Reflection Framework This question lives or dies on the   Reflection   beat — see the full mechanics in the  Behavioural Framework  framework.md . For failure stories specifically, Reflection needs to answer two things separately: what you learned, and what you  changed   in the system, not just in your head . The hardest sentence to get right is inside Action: you have to describe the decision   the way it looked at the time  , not with the benefit of hindsight  ""I should have known..."" . If you narrate the mistake as obvious-in-retrospect, the interviewer can't tell whether you'd actually catch a  different  mistake next time, or whether you just got lucky that this one taught you something specific."
docs/behavioural/framework.md,scene/hook,3,1,1,1,"Theme:   How you tell the work |   Seniority:   Senior → Staff Interviewers are not collecting autobiographies. They are testing whether you can   see a system of people and machines  , make a decision under constraints, and leave the system better than you found it. Why answers fail A typical senior candidate walks in with “I led the migration.” Ten minutes later the interviewer still does not know: what was at risk, what you personally decided, what number moved, or what you would do again. The fix is not more adjectives. It is a   spine  . STAR + Reflection Classic STAR stops at the press release. Senior loops add   constraints  ,   the decision  , and   what changed in you or the org  . | Beat | You must be able to say | Weak substitute | |------|-------------------------|-----------------| | Context | Team, product, time box | “At my last company…” | | Problem | User / $ / risk in one sentence | “We needed to improve things” | | Constraints | Deadline, headcount, blast radius | None — sounds like a lab |"
docs/behavioural/hiring.md,scene/hook,3,1,1,1,"Theme:   Judgement & Ownership |   Seniority:   Senior → Staff Why This Question Gets Asked ""Tell me about your role in hiring"" or ""a time you disagreed on a hiring decision"" tests something narrower than it sounds:   do you protect the bar when it's expensive to do so?   Anyone can reject a clearly weak candidate. The signal is in what you do with a ""maybe"" — a candidate who is pleasant, has an okay resume, and would probably not fail, when the team has had three reqs open for two quarters and your manager is asking why the pipeline is empty. Interviewers are probing: - Do you have a real bar, or a vibe? Can you articulate  why  someone failed, beyond ""didn't feel senior""? - Do you calibrate against a signal, or against how you felt in the room that day? - Can you say no to a hire under headcount pressure, and defend it to a manager who wants the seat filled? - Do you invest in raising other interviewers' bar, or just protect your own loop? !!! tip ""Interview Insight 🎯"" Weak answers describe the  process   ""we do four rounds, then a debrief"" . Strong answers describe a   specific candidate  , the specific signal that tipped the decision, and what it cost to hold the line. STAR + Reflection Framework The hard part of this story is never the clear reject. It's the candidate who clears every box except one, where the team desperately wants a yes."
docs/behavioural/index.md,definition/meta,2,1,0,1,"One story, three seniority levels. Measure impact. Own the failure class, not just the ticket. Why This Exists Strong engineers lose senior offers in the behavioural round more often than in system design. The reason is a misunderstanding of what is being tested. Candidates treat these questions as a personality check — be likeable, sound collaborative, avoid saying anything negative. So they tell vague, flattering stories:  ""We had a tough deadline, I worked hard, we shipped it, the team was happy."" That answer is unfalsifiable and therefore worthless. The interviewer is not assessing whether you are pleasant. They are assessing   engineering judgement under constraint  : what you did when the information was incomplete, the deadline was real, and reasonable people disagreed. They want evidence of how you  decide , not proof that you are nice. The good news: this is the most improvable interview round, because the gap is almost always structural rather than substantive. You already did the work — you are just narrating it badly. Mental Model: What Level Is This Story? The single biggest scoring lever is   scope of impact  . The same incident can be told at three levels, and the level you tell it at is the level you get hired at. The distinction is not seniority of vocabulary — it is   blast radius of the fix  . Mid-level fixes the instance. Senior fixes the system and measures it. Staff fixes the category and makes recurrence structurally unlikely. !!! tip ""The upgrade question"" After drafting any story, ask:  ""What stopped this from happening again — for everyone, not just my service?""  If you have no answer, you have a senior story, not a staff one. If you have one and left it out, you just lost the level. STAR + Reflection"
docs/behavioural/influence-without-authority.md,mixed,2,1,1,0,"Theme:   Leadership & Influence |   Seniority:   Senior → Staff Why This Question Gets Asked Past a certain level, your ability to ship depends on people who don't report to you and never will. This question checks whether you can move a decision without a title to lean on: - Do you understand  why  another team wants what they want, before asking them to change? - Can you build a case that survives without you in the room advocating for it? - Do you know the difference between influence and just being persistent or loud? - Do you leave behind something  a doc, a tool, a metric  that keeps the decision durable after the conversation ends? !!! tip ""Interview Insight 🎯"" The weak version of this answer is a status story: ""I'm respected so people listened to me."" The strong version is a mechanism story: specific evidence, specific forum, specific artifact that outlived the meeting. STAR + Reflection Framework Use the  influence ladder  framework.md influence-ladder  from the framework page to pick the right rung before telling this story — jumping straight to an all-hands memo on a decision two teams could resolve in a 1:1 is itself a red flag. Seniority Differentiation"
docs/behavioural/managing-up.md,definition/meta,1,1,0,0,"Theme:   Judgement & Influence |   Seniority:   Senior → Staff Why This Question Gets Asked Managing up is a different skill from peer influence — there's a real power differential, and your manager controls your ratings, your projects, and often your promotion. Interviewers want to know: - Can you disagree with someone who evaluates you, without either caving or becoming a problem to manage? - Do you surface bad news early, or let it surface itself later, worse? - Can you negotiate scope or timeline instead of silently absorbing an unrealistic ask? - Do you know the difference between ""managing up"" and ""managing around""  going over their head unnecessarily ? !!! tip ""Interview Insight 🎯"" This question is often disguised as ""tell me about a difficult manager"" — don't take the bait and vent about a bad manager. The interviewer is scoring  your  behavior, and a story that's really about how unreasonable your manager was reads as an inability to manage the relationship. STAR + Reflection Framework Seniority Differentiation === ""Weak Response"""
docs/behavioural/mentorship.md,mixed,2,1,1,0,"!!! example ""Illustrative answer — replace with your own experience"" A mentee's webhook consumer passed happy-path tests but failed whenever retries arrived with jitter. The mentor did not take over the fix: they drew the delivery timeline, asked the mentee to predict duplicate paths, and reviewed the idempotency test the next day. The durable result was better judgment, not one corrected pull request. Use this vignette to study the shape of a mentorship story. Your interview answer must use people, constraints, actions, and outcomes from your own experience. Theme:   Growth & Leadership |   Seniority:   Senior → Staff Why This Question Gets Asked ""Tell me about mentoring someone"" is scored on the mentee's outcome, not on how good it felt to mentor. Interviewers are checking: - Did you diagnose what the person actually needed, or default to generic advice? - Can you delegate a project you could do faster yourself, and let them own the mistakes? - Can you give feedback that stings, specifically enough that it changes behavior? - Is there a measurable outcome for the mentee — a promotion, a skill they didn't have before, work they can now own unsupervised? !!! tip ""Interview Insight 🎯"" If your answer is entirely about your feelings  ""it was rewarding to see them grow"" , you've told the interviewer nothing about your mentoring skill. Lead with what changed for  them ."
docs/behavioural/production-incident.md,definition/meta,1,0,1,0,"!!! example ""Illustrative answer — replace with your own experience"" “On Black Friday, checkout success fell to 0%. As incident commander I opened one channel, assigned a scribe, separated mitigation from diagnosis, and gave stakeholders updates every ten minutes. An unindexed foreign key caused full scans under peak load; adding the index restored traffic. The follow-up added query-plan review and load tests for schema changes.” The useful pattern is coordinated mitigation → evidence-based diagnosis → systemic prevention. Do not claim this incident as your own; use the framework below to make your real decisions and results legible. Theme:   Ownership & Reliability |   Seniority:   Senior → Staff Why This Question Gets Asked Production incidents are how engineers demonstrate their true capabilities under pressure. Interviewers probe: - Do you take ownership or blame others/systems? - How do you debug under pressure? - Do you communicate clearly to stakeholders during incidents? - Do you do proper RCA and implement lasting fixes? - Do you learn and prevent recurrence? The Incident Lifecycle Framework"
docs/behavioural/saying-no.md,definition/meta,1,0,0,1,"Theme:   Judgement & Influence |   Seniority:   Senior → Staff Why This Question Gets Asked ""Tell me about a time you said no"" is a judgement test disguised as a conflict question. Interviewers want to see: - Do you know the actual cost of saying yes, or do you just have a general reluctance to commitment? - Can you say no in a way that preserves the relationship, or does every no read as friction? - Do you offer an alternative, or just block? - Do you know when  not  to say no — when the ask is uncomfortable but actually fine? !!! tip ""Interview Insight 🎯"" The two failure modes are symmetric: candidates who say yes to everything  no backbone, no judgement  and candidates whose every story is a heroic no  sounds exhausting to work with, suggests poor calibration on what's actually worth resisting . The strong answer includes a story where you said yes to something uncomfortable  because  the cost of no was higher. STAR + Reflection Framework Seniority Differentiation === ""Weak Response"""
docs/behavioural/technical-debt.md,definition/meta,2,1,0,1,"Theme:   Judgement & Influence |   Seniority:   Senior → Staff Why This Question Gets Asked Every engineer has an opinion about technical debt; few can get a debt-paydown project funded against a roadmap full of features that have a customer's name attached. Interviewers use this prompt to test: - Can you translate ""the code is bad"" into a business case a non-engineer will approve? - Do you sequence debt paydown against delivery pressure, or treat it as all-or-nothing? - Can you say no to a shortcut that trades long-term velocity for a short-term date, and make that no stick? - Do you know the difference between debt worth paying and debt worth living with forever? !!! tip ""Interview Insight 🎯"" The failure mode here is a purity answer — ""we should always do it right."" That answer tells the interviewer you've never shipped under a real deadline. The senior answer names the trade-off explicitly and picks a side with a reason. STAR + Reflection Framework Seniority Differentiation === ""Weak Response"""
docs/behavioural/technical-disagreement.md,scene/hook,3,1,1,1,"!!! example ""Illustrative answer — replace with your own experience"" “I disagreed with MongoDB for a transaction-history service. Instead of repeating my preference, I benchmarked our real query shapes: PostgreSQL was 3× faster and removed 40% of the application code. I presented the evidence in the design review, named the migration cost, and the team changed direction. The service launched at 45 ms p99 against a 150 ms target.” The useful pattern is evidence → respectful influence → measurable outcome. Do not present this sample as your experience; use the analysis below to structure an event that actually happened to you. Theme:   Leadership & Influence |   Seniority:   Senior → Staff Why This Question Gets Asked Technical disagreements are inevitable in engineering. Interviewers want to understand: - Can you hold a technical position while remaining collaborative? - Do you change your mind based on evidence or social pressure? - Can you influence without authority? - Do you know when to disagree and commit? !!! tip ""Interview Insight 🎯"" This question separates junior engineers  ""I deferred to the senior""  from senior engineers  ""I changed their mind with data""  from staff engineers  ""I understood their constraints and found a solution that worked for both teams"" ."
docs/cloud/cicd.md,definition/meta,2,0,1,1,"!!! example ""Hypothetical pipeline failure"" A green build reaches production with an untested migration and rollback cannot restore the old schema. More pipeline stages would add ceremony without proving safety. Start with the failure, then add the smallest gate that would have caught it. Why This Exists Continuous Integration and Continuous Delivery are two different claims that get merged into one buzzword.   CI   says: every change is automatically built and tested against the rest of the codebase, frequently, so integration problems surface in minutes instead of at a painful merge three weeks later.   CD   says: the main branch is  always  in a releasable state — deployment is a decision, not an engineering project. The interview-relevant distinction is that a green pipeline answers ""does this compile and pass its tests,"" which is a much narrower claim than ""is this safe to run in production."" Conflating the two is how teams end up debugging in production what a canary would have caught in five minutes. !!! tip ""Mental model"" Think of CI/CD as   Build → Test → Package → Deploy  , where each stage's job is to fail fast and cheap so the next, more expensive stage never runs against something broken. A pipeline is not ""green"" or ""red"" as a single fact — it's a sequence of gates, and where it stopped tells you what kind of problem you have: compile error, failing test, security scan, or a canary that regressed a metric. Pipeline Architecture Fail-fast is the whole design principle.   A broken stage halts the pipeline — you don't run a 40-minute end-to-end suite against code that doesn't compile, and you don't deploy an image that failed its security scan. Ordering stages from cheapest-and-fastest to most-expensive-and-slowest is a deliberate performance decision, not an accident. The Test Pyramid More unit tests, fewer integration tests, fewest end-to-end tests — inverted, and CI runtime balloons while flaky E2E failures erode trust in the pipeline faster than real bugs do. ""Shift left"" means catching a defect during the build/unit stage, where it costs a re-run, rather than during a manual QA pass or in production, where it costs an incident. !!! warning ""Production trap"""
docs/cloud/deployment-strategies.md,scene/hook,3,1,1,1,"!!! example ""Hypothetical rollout"" Error rate stays flat at 5% traffic and jumps at 25% because only one customer cohort hits the changed path. A rollout percentage is not evidence by itself. Choose canary, blue-green, or rolling behavior around detection and reversal needs. Why This Exists ""How do you deploy?"" is really three separate questions wearing one trench coat:   how fast can I roll a new version out, how fast can I roll it back, and how many real users get hurt if it's broken?   Every strategy on this page is a different point on that triangle — none of them is universally ""best,"" and naming one without naming what it costs is the same mistake as naming an architecture pattern without naming its cost  see  Architecture Patterns  ../architecture-patterns/index.md  . !!! tip ""Mental model"" Every strategy answers two questions:    1  how many users see the new version before you know it's safe?   and    2  how fast can you undo it?   Recreate answers both badly  downtime, but at least it's simple . Canary and progressive delivery answer both well, at the cost of a longer rollout window and more infrastructure to run two versions side by side. The Core Four | Strategy | Downtime | Rollback speed | Infra cost | Use when | |----------|----------|-----------------|------------|----------| |   Recreate   | Yes | Slow  redeploy old  | Lowest | Dev/internal tools, brief maintenance windows are acceptable | |   Rolling update   | None | Moderate  redeploy old gradually  | Low  K8s default  | Most stateless services — the sane default | |   Blue-green   | None | Seconds  flip traffic back  | 2x  both environments run fully  | Critical systems needing near-instant rollback |"
docs/cloud/docker.md,scene/hook,3,1,1,1,"!!! example ""Hypothetical environment gap"" The service passes locally and fails in CI because its runtime library and filesystem assumptions differ. Shipping source code did not ship the environment. Build one immutable image, then inspect what isolation it provides—and what it does not. Why This Exists ""It works on my machine"" is a statement about environments, not code. Docker's entire value proposition is collapsing ""works on my machine"" into ""works,"" by packaging the process with everything it assumes exists — a specific libc, a specific set of env vars, a specific file at  /etc/config.yml  — into one artifact that runs identically on a laptop, a CI runner, and a production node. The interview-relevant failure mode is treating Docker as ""a lightweight VM."" It is not.   An image is a blueprint; a container is a running instance of that blueprint   — the same relationship a class has to an object. Get that model right and layer caching, multi-stage builds, and ""why is my container 1.2GB"" all follow logically instead of needing to be memorized. !!! tip ""Mental model"" A   container is not a VM.   A VM virtualizes hardware and boots a full kernel; a container is a normal Linux process with three kernel features drawn around it —   namespaces    its own view of PIDs, network, mounts, hostname ,   cgroups    CPU/memory limits , and a   union filesystem    layered image . That's why a container starts in milliseconds, not seconds, and why ""the container's kernel"" isn't a real thing — it shares the host kernel. Containers vs. Virtual Machines | | Virtual Machine | Container | |---|---|---| | Isolation unit | Full OS + kernel | Process + namespaces | | Boot time | Seconds–minutes | Milliseconds |"
docs/cloud/finops.md,scene/hook,3,1,1,1,"!!! example ""Hypothetical cost incident"" The platform meets its SLO while the monthly bill doubles. One autoscaling group follows request count even when work per request falls. Cost becomes an engineering signal: attribute it, connect it to demand, then optimize without trading away reliability blindly. Why This Exists A misconfigured autoscaler that scales to 10x normal capacity used to be purely an SRE's problem — the pager goes off, someone fixes it, done. In the cloud, the same event is also a finance problem: it shows up three weeks later as a $40K line item nobody can explain, discovered by an accountant, not an engineer.   The infrastructure that causes cost problems is the same infrastructure engineers already own   — so the people best positioned to prevent and diagnose cost anomalies are engineers, not finance. FinOps exists to close that gap: put cost visibility and cost decisions where the technical context already lives. The interview-relevant failure mode is treating cost as ""someone else's spreadsheet."" Senior engineers are expected to reason about the cost implications of an architecture decision  autoscaling policy, storage class, commitment strategy  the same way they reason about latency or availability — as a first-class design constraint, not an afterthought discovered in a monthly bill review. !!! tip ""Mental model"" Cloud cost is a   usage-metered utility bill for a system that changes shape every minute  , not a fixed line item like office rent. The engineering discipline isn't ""spend less"" — it's ""know what you're spending and why, in near-real-time, broken down by the same units you already reason about  per-service, per-team, per-request ."" A system with excellent cost visibility isn't necessarily cheap; it's  legible  — every dollar traces to a decision someone can explain. Cost Allocation: Tagging Strategy Cloud bills arrive as one undifferentiated total unless every resource is tagged with who owns it and why it exists. Without tags, ""which team is spending the most"" is an unanswerable question — the bill is a pile of resource IDs, not an org chart. | Tag | Purpose | Example | |---|---|---| |  team  /  owner  | Who to ask when cost spikes |  payments-team  |"
docs/cloud/iam-managed-services.md,scene/hook,3,1,1,1,"Why This Exists Every cloud provider solves the same three problems — who's allowed to do what, where does state live durably, how do services tell each other things happened — with three incompatible vocabularies. A candidate who can only speak ""AWS"" freezes the moment an interviewer says ""the client is on GCP"" or a new job lands them on Azure. The underlying concepts  identity, managed data stores, eventing  don't change between clouds; only the nouns do. The interview-relevant skill isn't memorizing every service name. It's recognizing that   IAM is always ""who can do what to which resource, and how do you prove it,""   that   managed databases always trade control for someone else handling failover and patching,   and that   event buses always trade strict ordering for scale.   Once you have that mapping, walking into a GCP or Azure shop is a vocabulary problem, not a conceptual one. These three topics belong on one page — not three — because a single, ordinary piece of work touches all three at once. Take the most common serverless pattern there is:   a function needs to read from a database and publish an event when it changes something.   On AWS, that's a Lambda with an execution role scoped to  dynamodb:GetItem / PutItem  on one table  IAM , reading from and writing to DynamoDB or Aurora Serverless  managed DB , then calling  PutEvents  to notify an EventBridge bus that something happened  event bus  — three separate services, one workload, one mental motion. On GCP the same function is a Cloud Function with a service account scoped to  cloudsql.client   IAM , a Cloud SQL connection  managed DB , and a  pubsub.publisher  binding to one topic  event bus . On Azure it's a Function App with a managed identity  IAM , a connection to Azure SQL  managed DB , and a publish to an Event Grid topic  event bus . Same shape, three vocabularies — which is exactly the thesis of this page: learn the shape once, and every cloud's version of ""identity, then state, then notification"" is a five-minute vocabulary lookup instead of a redesign. !!! tip ""Mental model"" Think of each vendor's IAM/DB/eventing stack as a   regional dialect of the same language.   AWS IAM roles, GCP service accounts, and Azure managed identities are all answering ""how does a workload prove who it is without a human typing a password."" RDS Multi-AZ, Cloud SQL HA, and Azure SQL zone redundancy are all answering ""how do I not lose data when a rack dies."" EventBridge, Pub/Sub, and Event Grid are all answering ""how do services react to things without polling."" Learn the question once; the vendor name is just the answer's accent. IAM: Identity and Access Management | Concept | AWS | GCP | Azure | |---|---|---|---| | Human/service identity | IAM User / IAM Role | Google Account / Service Account | Entra ID  formerly Azure AD  User / Service Principal | | Workload identity  no long-lived keys  | IAM Role +  AssumeRole   STS  | Service Account + Workload Identity Federation | Managed Identity  system- or user-assigned  | | Permission grouping | Managed/inline Policy  JSON  attached to identity | Predefined/custom Role bound to identity | RBAC Role Definition assigned to identity |"
docs/cloud/index.md,definition/meta,1,0,0,1,"A cloud platform is just someone else's API for compute, network, and storage. The primitives repeat across AWS, Azure, and GCP; the interview-relevant skill is knowing   what each layer actually guarantees   and where it silently stops guaranteeing anything. This section covers the layer  below  Kubernetes  how your code becomes a runnable artifact and how that artifact gets to production  rather than vendor consoles. The Path From Laptop to Production Four questions map to four pages: | Question | Page | |----------|------| | How does my code become a runnable, portable artifact? |  Docker  docker.md  | | What's the general idea behind ""infrastructure defined as text,"" before any specific tool? |  Infrastructure as Code  infrastructure-as-code.md  | | How does the infrastructure that artifact runs on get created, and stay reproducible? |  Terraform  terraform.md  | | How does a commit turn into a running artifact, automatically and safely? |  CI/CD  cicd.md  | | How does a new version reach users without an outage? |  Deployment Strategies  deployment-strategies.md  | | How does the artifact actually run and stay healthy at scale? |  Kubernetes  ../kubernetes/index.md  |"
docs/cloud/infrastructure-as-code.md,definition/meta,1,1,0,0,"!!! example ""Hypothetical drift"" An emergency console change fixes production and silently diverges from version control. The next deployment proposes to undo it. Infrastructure as code earns repeatability only when state, review, imports, and drift are part of the operating model. Why This Exists Before IaC, ""provisioning"" meant a runbook: a wiki page of steps someone follows by hand, or clicking through a cloud console. Both have the same failure mode —   the process lives in a person's head or a document, not in a system that can verify it ran correctly.   Two engineers following ""the same"" runbook produce two subtly different environments. Nobody can diff what changed between last Tuesday and today. Reproducing production in a new region means re-reading the wiki page and hoping nothing was missed. Infrastructure as Code  IaC  is the practice of defining infrastructure — servers, networks, databases, DNS records, IAM policies — as text, checked into version control, and applied by a tool rather than a person.   That's the whole idea. Terraform, Pulumi, CloudFormation, and Ansible are different implementations of it; the concepts below are what they all share, and what an interviewer is actually testing when they ask about any one of these tools. Declarative vs. Imperative This is the single most important distinction in the space, and the one most candidates blur. | | Imperative | Declarative | |---|---|---| |   You write   | Steps: ""create a VPC, then create a subnet, then create an instance"" | End state: ""there should be a VPC with this subnet and this instance"" | |   The tool's job   | Execute your steps, in order, exactly as written | Figure out what steps get from  current state  to your  declared state  | |   Re-running it   | Re-runs every step — often unsafe  tries to create the VPC again  unless you hand-write guards | Safe by default — the tool diffs current vs. desired and only changes what's different |"
docs/cloud/providers.md,definition/meta,1,1,0,0,"Why This Exists ""We're going to move to the cloud"" is not a technical decision; it's a business one. The technical decision is   which cloud  . Each provider has similar primitives  VMs, databases, load balancers  but different pricing, operator experience, and strengths. This page teaches the   working knowledge   for architecture interviews: what each provider does well, where they're weak, and what questions unlock the decision. The Two Foundational Concepts: VPC & Auth Everything in the cloud flows from these two: 1. VPC: Your Private Network in the Cloud Think of VPC like renting a private building: Key insight:   By default, nothing on your VPC can talk to anything outside it. You must explicitly: - Add an Internet Gateway to get outbound internet - Attach a NAT Gateway for private instances to reach outside  but not vice versa - Create a VPC Peering link to another VPC Cross-cloud mapping:"
docs/cloud/release-engineering.md,definition/meta,2,1,0,1,"!!! example ""Hypothetical release"" The same commit produces two different artifacts because an unpinned dependency changed overnight. Rebuilding is no longer recovery if the build is not reproducible. Trace source, dependency graph, cache key, artifact, and promotion as one chain of custody. Why This Exists CI/CD  cicd.md  covers how a change moves from commit to production. This page covers three backend-engineering disciplines that sit underneath that pipeline and quietly determine whether it's trustworthy:   how you signal what a version actually changed    semantic versioning, API versioning ,   how you keep a build reproducible across machines and time    dependency locking — what ""dependency hell"" actually is and how it's fixed , and   how you keep the pipeline fast enough that people don't start skipping it    build caching . None of these are glamorous, and all three are the kind of thing a staff engineer gets asked about specifically because they're invisible until they're broken. Semantic Versioning: A Version Number as a Promise Semantic versioning   MAJOR.MINOR.PATCH   isn't a counting convention — it's a   contract with everyone who depends on you  , and the contract is what makes it useful: -   PATCH     1.2.3  →  1.2.4  : backward-compatible bug fix. A consumer can take this upgrade with zero code changes, always. -   MINOR     1.2.3  →  1.3.0  : backward-compatible new functionality. Existing consumers are unaffected; nothing they already depend on changed shape. -   MAJOR     1.2.3  →  2.0.0  : breaking change. A consumer's existing code may need to change to keep working. The entire value of the scheme is that a consumer can encode trust into their dependency constraint   —  ^1.2.3   accept any  1.x.x  at or above this  is a bet that the maintainer is telling the truth about what counts as breaking. The moment a maintainer ships a breaking change as a MINOR bump ""because it was a small change,"" every downstream consumer's automated-upgrade assumption is now false, and that's a trust failure that costs the ecosystem, not just that one release. !!! warning ""The interview tell: 'small' and 'breaking' are not the same axis"" Renaming a public function is a one-line diff and still a MAJOR change — the size of the code change and whether it breaks a consumer are unrelated. A candidate who says ""it's a tiny change, patch bump is fine"" for something that alters a public contract hasn't understood what the version number actually communicates."
docs/cloud/terraform.md,definition/meta,2,0,1,1,"!!! example ""Hypothetical state incident"" Two pipelines read the same state and both plan to replace a shared resource. The configuration is valid; coordination is not. State locking, plan review, and safe lifecycle rules are earned by that concurrent change. Why This Exists Infrastructure used to mean clicking buttons in a cloud console. The problem with that model isn't that it's slow — it's that   the console has no diff.   Nobody can tell you what changed, who changed it, or how to reproduce it in a second region. Terraform's entire value is turning infrastructure into a text file: reviewable in a pull request, diffable, and re-appliable. The interview-relevant skill isn't HCL syntax. It's understanding   state   — the thing that makes Terraform dangerous when mishandled and powerful when respected. !!! tip ""Mental model"" Terraform's job is to reconcile three things: your   config    what you wrote , the   state file    what Terraform last believes exists , and   reality    what the cloud provider actually has . By default,  plan  first  refreshes  — it queries the provider for each tracked resource's real, current attributes and reconciles that into its working copy of state — and only then diffs config against that refreshed state to show you the delta before touching anything. So if someone deletes a resource by hand in the console, a normal  plan   will  notice: the refresh sees it's gone and the plan proposes to recreate it. What refresh cannot do is discover resources nobody told Terraform about — anything created outside config and never imported stays invisible, and  -refresh=false  skips this step entirely and diffs against last-known state as-is. The Core Workflow -    init    — downloads provider plugins, sets up the backend  where state lives . Run once per config change, safe to re-run. -    plan    — a dry run. Read it like a code review:  +  create,  ~  update in place,  -/+  destroy-and-recreate.    -/+  is the line that causes outages   — it means the resource can't be updated, only replaced, which for a database means data loss unless you've planned for it. -    apply    — executes the plan. Never  apply  without having read the  plan  output first;  -auto-approve  in a human's terminal is how ""add a tag"" becomes ""recreate the load balancer."" -    destroy    — tears down everything Terraform manages in that state. One command, entire environment — treat it with the same caution as  DROP DATABASE ."
docs/databases/cassandra.md,definition/meta,1,0,1,0,"!!! example ""Hypothetical incident"" Writes stay fast while one dashboard query times out across the cluster. The table was modeled around entities instead of queries, so every read fans out. Cassandra earns its scale only when partition keys match the reads the application will actually issue. Cassandra is the   peer-to-peer distributed database   for when you need to write 1M+ events/second across multiple data centers and still maintain availability during outages. Why Cassandra Cassandra trades   query flexibility for write scale and availability  : | Goal | Cassandra | Postgres | |---|---|---| |   Write throughput   | 1M+ ops/sec per cluster | 10K ops/sec per machine | |   Availability   | Single node failure ≈ invisible | Single node failure = read replicas only | |   Query flexibility   | Only queries you designed indexes for | Full SQL, joins, complex filtering | |   Consistency   | Tunable  eventual → strong  | Strong  ACID  | Cassandra shines when:   you write tons, rarely update, and read by known key  ."
docs/databases/consistent-hashing.md,definition/meta,2,1,0,1,"!!! example ""Hypothetical expansion"" An on-call schedules a fourth cache node for a 1 TB cluster. With  hash key  % N , changing three nodes to four remaps roughly 750 GB—enough churn to erase the capacity the new node was meant to add. The question is not how to hash keys evenly; it is how to change membership without moving almost every key. Why This Exists Simple modular hashing   node = hash key  % N   breaks when you add or remove nodes — almost   every key remaps   to a different node, causing a massive redistribution storm: If you have 1 TB of data across 3 nodes and add a 4th, you'd need to move ~750 GB of data. Consistent hashing solves this:   adding a node moves ~K/ N+1  keys    the new node's share ;   removing a node moves ~K/N keys    the departing node's share . K = total keys, N = number of nodes  before  the change. Mental Model Imagine a circular ring numbered 0–359 degrees. Both nodes and keys are hashed to positions on this ring. A key is owned by the   first node you encounter walking clockwise   from the key's position. - Key3 → Node A  nearest clockwise at 60° - Key1 → Node B  nearest clockwise at 150° - Key2 → Node C  nearest clockwise at 280° When Node B is removed: only Key1 remaps to Node C. Everything else stays."
docs/databases/ddia-concepts.md,definition/meta,1,0,0,1,"This page distills the critical concepts from  Designing Data-Intensive Applications  by Martin Kleppmann that apply to   every   database system you will encounter in interviews and production. Why This Matters Most database problems in production trace back to one of five core issues: 1.   Storage   — How does a single node lay out data on disk so reads and writes are both fast? 2.   Replication   — How do we keep data consistent across multiple machines? 3.   Partitioning   — How do we distribute data when it no longer fits on one box? 4.   Transactions   — How do we guarantee correctness when multiple clients are writing simultaneously? 5.   Consistency Models   — What guarantees can we actually make, and which are illusions? Understanding these   transfer across every database  : PostgreSQL, MongoDB, Cassandra, DynamoDB, Redis. The mental model is the same; the implementation details differ. Each part below builds intuition by first showing what breaks  without  the mechanism, then how the mechanism fixes it — that's the derivation the book itself uses, and it's what makes the answer stick in an interview instead of sounding memorized. Parts 0–9 build the mental model.    Part 10   part-10-the-war-room-what-you-actually-do-at-3-am  is different on purpose   — it's not concepts, it's the runbook: what a real incident looks like on a dashboard, what to check first, and what  not  to do under pressure. That's the part of DDIA that's genuinely hard to find anywhere else — read it even if you skim the rest. Part 0: Storage Engines — What Happens When You Write a Row Before replication or partitioning matter, a single database has to answer a simpler question:  how does it store data on disk so both reads and writes are fast?  Every database you'll ever discuss in an interview picks one of two fundamentally different answers."
docs/databases/dynamodb.md,definition/meta,0,0,0,0,"!!! example ""Hypothetical incident"" Total capacity is ample, yet one tenant's partition key throttles during a launch. Adding capacity does not distribute a hot key. Trace access patterns, partitioning, adaptive capacity, and conditional writes from that uneven workload. DynamoDB is AWS's   serverless key-value database  . You don't manage clusters or nodes — AWS handles replication, failover, and scaling transparently. Why DynamoDB DynamoDB trades   operational complexity for simplicity  : | Concern | DynamoDB | Cassandra | |---|---|---| |   Cluster management   | Zero  AWS does it  | You own it  gossip, repair, compaction  | |   Scaling   | Automatic  provisioned or on-demand  | Manual  add nodes, rebalance  | |   Availability   | Multi-AZ by default | You configure | |   Query flexibility   | Limited  keys only, or GSI  | Design your schema carefully | |   Consistency   | Eventually consistent  or strong per-request  | Tunable  CL  |"
docs/databases/index.md,definition/meta,1,0,0,1,"Access patterns pick the store. Sharding is a last-resort write-scale step after indexes, partitioning, and I/O — not the first answer to a slow primary. Why This Exists ""Which database should we use?"" is the most common bad question in system design. It invites a religious answer — Postgres vs Mongo vs Cassandra — when the real answer is a question back:   what are the access patterns? Databases are not general-purpose. Each one makes a bet about how you will read and write, and optimizes ruthlessly for that bet. Pick the store whose bet matches your workload and everything is easy. Pick against it and you will spend two years building workarounds for a decision you made in an afternoon. The senior move is to describe the access pattern first, then let it select the store. Mental Model Scaling a database happens in a fixed order. Each step is cheap; each  next  step costs an order of magnitude more in complexity.   Never skip ahead. !!! tip ""The interview tell"" Candidates who jump straight to ""shard it"" have not understood the cost. Steps 2–4 absorb   read   pressure. Write pressure is a different ladder: batching, contention, native partitioning, storage/WAL/fsync, vertical I/O, then sharding. Caches and replicas do not absorb primary writes. The diagnostic question is always  ""are we read-limited or write-limited?"" Typical   interview-estimation anchors  , not database limits: a well-tuned Postgres instance is often quoted around 5–15K TPS for simple transactions, and single-digit terabytes of working data. Real capacity changes by orders of magnitude depending on transaction shape, concurrency, indexes, storage, durability settings, contention, and hardware. Below those anchors, application-level sharding is usually premature. Above them, pre-shard write levers  batching, contention, native partitioning, storage layout  still come before sharding; caches and replicas are read-path tools, not write-scale next steps. Access Patterns Choose the Store | If your access pattern is… | You want… | Because |"
docs/databases/indexing.md,definition/meta,2,0,1,1,"Why This Exists A table with no index is a stack of pages the database must read sequentially — a full table scan. At 10 rows that's free. At 100 million rows, a query that should take microseconds takes seconds, and every concurrent query competes for the same disk I/O. An   index   is a separate, ordered data structure that lets the database jump directly to the rows it needs instead of scanning everything. That's the entire idea. Everything else in this page — which structure, which columns, in which order — is about making that jump as cheap as possible for the queries you actually run, without making every write unbearably expensive. Mental Model An index trades   write cost    every insert/update/delete must also update the index  and   storage    the index takes disk space  for   read speed   on the columns it covers. There is no free index — this is the axis every indexing decision runs along. Why B+-Trees, Not Binary Trees A plain binary search tree gives you O log₂ N  comparisons, which sounds great until you remember each node access on disk is a   seek  , not a comparison — and a seek is ~100,000x slower than an in-memory comparison. A binary tree over a billion rows has ~30 levels, meaning up to 30 disk seeks per lookup. At even 1ms per seek, that's 30ms for a single index lookup — unacceptable at any real query rate. B+-trees fix this by maximizing branching factor  , not minimizing comparisons. Instead of 2 children per node, a B+-tree node holds hundreds of keys and pointers — sized to fill exactly one disk page  typically 4KB–16KB . With a branching factor of ~500, a B+-tree over a billion rows is only   3–4 levels deep  , meaning 3–4 disk reads  and the top 1–2 levels are almost always cached in memory, so it's often 1–2  actual  disk reads . The ""+"" in B+-tree matters too: only leaf nodes store the actual row data  or pointers to it ; internal nodes store only keys for routing. Leaves are linked in a doubly-linked list, so once you've found the start of a range, scanning forward for  BETWEEN  or  ORDER BY  is a sequential leaf-to-leaf walk, not a series of tree lookups. This is why B+-trees — not B-trees, not binary trees — are the default index structure in almost every relational database: they're built around the actual cost model of disk I/O, and they make range scans nearly free. Hash Indexes A hash index maps  hash key  → row location  — O 1  average lookup, no tree traversal at all. Where hash wins:   pure equality lookups   WHERE id = 42   at higher raw speed than a B-tree, because there's no multi-level traversal."
docs/databases/mongodb.md,definition/meta,1,0,0,1,"!!! example ""Hypothetical incident"" A product document grows with every embedded event until updates become slow and migrations painful. Splitting everything into references fixes growth but adds request-time joins. Follow that modeling decision into indexes, replication, and sharding. MongoDB trades   SQL flexibility for developer ergonomics  . Instead of designing a schema with 10 normalized tables, you store a document  JSON-like  exactly as your application needs it. Why MongoDB MongoDB solves the impedance mismatch between objects in code and rows in a database: Cost  : No schema enforcement  until recently , and no SQL-style joins  embed related data instead . Part 1: Document Model and Schema Validation Document Structure A MongoDB document is a BSON object  like JSON, with binary types for dates/UUIDs : Schema Validation  Optional but Recommended MongoDB doesn't enforce schemas by default.   This is dangerous in production.   Add validation: This is   essential   for catching bugs before data corruption."
docs/databases/postgresql.md,mixed,2,1,1,0,"!!! example ""Hypothetical incident"" A routine  UPDATE  stalls while read traffic climbs, even though CPU is low. The on-call follows snapshots, dead tuples, indexes, and pooled connections through one request path. PostgreSQL's parts matter because each explains a different place that apparently simple statement can wait. PostgreSQL is the default SQL database for most companies because it   balances generality with reliability  . It is not the fastest at anything, but it is fast enough at everything — and it will not surprise you at 3 AM. Why PostgreSQL PostgreSQL solves the hardest problem in databases:   making the right tradeoffs  . It chooses: -   B-tree indexes by default    reads optimized -   ACID transactions    correctness over raw speed -   MVCC    multiple readers and writers coexist -   Extensibility    types, functions, operators — you can add anything The result: a database that handles OLTP  transactional , OLAP  analytical , and JSON queries without a schema rewrite. Part 1: MVCC — How PostgreSQL Handles Concurrent Writes PostgreSQL's secret weapon is   Multi-Version Concurrency Control  MVCC   . Instead of making readers and writers block each other, each write creates a new version of the row and readers see the version that was current when their snapshot was taken. Writers that genuinely conflict — two transactions updating the  same  row — still take row-level locks and one blocks  or aborts  the other; MVCC's win is specifically that readers never wait on writers and writers never wait on readers."
docs/databases/redis.md,scene/hook,3,1,1,1,"!!! example ""Hypothetical incident"" One hot key consumes a shard, then the primary fails while replicas are milliseconds behind. Low average latency hides both concentration and lost acknowledged writes. Follow the incident through data structures, expiration, persistence, and failover. Redis is the   in-memory data store   you reach for caching, sessions, rate limiting, and real-time analytics. It is not a database replacement — it is the   speed layer   in front of your database. Why Redis Redis solves the   latency problem  : Redis trades   durability for speed  . Data lives in RAM; if you crash, it's gone  unless you enable persistence . Part 1: Data Structures Redis is   not a simple key-value store  . It's a structured data store with rich operations: Strings Hashes Use case  : Object storage  user profile, product info . Lists"
docs/databases/sharding.md,scene/hook,3,1,1,1,"!!! example ""Hypothetical growth incident"" At 09:00 the users primary reaches its write ceiling: CPU is pinned, replication lag is climbing, and a larger instance will only buy one quarter. The team splits users by range. Writes recover—until every new signup lands on the newest range and that shard becomes hot. Sharding earns horizontal write capacity, but the shard key decides where the next failure lives. Why This Exists A single database server has physical limits: disk I/O bandwidth, CPU for query processing, memory for buffer pool, network bandwidth. When your write throughput exceeds what one node can handle, you need to scale writes horizontally —   sharding  . Sharding   = splitting data across multiple database instances based on a   shard key  . Mental Model !!! note ""Analogy"" A single database is one giant library room — every book on one set of shelves, one librarian fetching everything. Sharding is splitting that collection across multiple rooms by some rule  author's last name, subject, accession number . Each room now has its own librarian and its own shelves, so lookups within a room get faster and rooms can be added independently — but a search that spans ""everything starting with A through Z"" now means checking every room. That's the shard-router hop and the cross-shard-query cost below, in one sentence. Abstraction Levels === ""Mental Model"" Split rows across independent databases by a shard key so writes scale horizontally. Each shard is a full database, not a partition of one disk. === ""Interview Simplification"""
docs/databases/sql-deep-dive.md,definition/meta,1,0,0,1,"SQL is the lingua franca of databases. But writing SQL is easy; writing   fast SQL   requires understanding how the database executes queries. Why SQL Matters in Interviews SQL knowledge separates senior engineers from midlevels: Most performance problems are not ""no index"" — they're bad schema design, missing statistics, or queries that can't be optimized. Part 1: Query Execution and EXPLAIN EXPLAIN: Reading the Execution Plan What to read  : | Line | Meaning | |---|---| |  Seq Scan on users  | Full table scan  no index used  | |  cost=0.00..0.50  | Estimated cost  arbitrary units  | |  rows=100  | Estimated rows; compare to actual in parentheses |"
docs/databases/sql-vs-nosql.md,scene/hook,3,1,1,1,"Why This Exists ""SQL vs NoSQL"" is a bad framing. It suggests a single axis with relational databases on one end and everything else lumped together on the other. In practice there are at least six distinct data models, each optimized for a different   access pattern  , and the question a Staff engineer actually answers is not ""which side am I on"" but ""what does this workload need to do fast, and what can it afford to get eventually."" The stub version of this debate — ""SQL is old and rigid, NoSQL is new and scalable"" — is wrong on both counts. Modern relational databases shard, replicate, and scale writes into the millions per second  see  Sharding  sharding.md  . Modern NoSQL databases support secondary indexes, transactions, and joins. The real differences are in the data model's native shape and what it optimizes away. Mental Model Think of each database family as answering a different question about how you'll touch the data: The model you pick shapes how painful every future query, migration, and scale-out will be. Picking wrong doesn't fail immediately — it fails two years later when a ""just add a join"" ticket turns into a rewrite. !!! info ""BASE vs ACID is a per-product choice, not a per-family one"" It's tempting to say ""relational is ACID, everything else is BASE"" — but that's a claim about specific  products , not about the data  model  itself, and several products break the pattern.   MongoDB   supports multi-document ACID transactions  since 4.0, single replica set; 4.2+, cross-shard .   Google Firestore/Spanner   offer strongly consistent, serializable transactions by design, not eventual consistency.   DynamoDB   offers  TransactWriteItems  for cross-item ACID operations alongside its default eventually-consistent reads.   TimescaleDB   — see the Time-Series section below — is literally PostgreSQL, and fully ACID. What's actually true is narrower:   wide-column stores at Cassandra/Bigtable/HBase's original design point, and key-value stores optimized for horizontal scale over strict consistency, tend toward BASE   — basically available, soft state, eventually consistent — as an explicit trade for horizontal scale and availability under partition  see  CAP theorem  ../distributed-systems/cap-theorem.md  . Document, graph, and time-series products vary widely by vendor: know the specific product's actual guarantee before claiming ""NoSQL means eventual consistency"" in an interview — that phrase is a red flag for an interviewer who knows Spanner or MongoDB transactions exist. Abstraction Levels === ""Mental Model"" Each database family optimizes its storage/index layout for one native access pattern — relations, aggregates, key lookups, time-ordered slices, graph traversal, or time-windowed metrics. === ""Interview Simplification"""
docs/distributed-systems/cap-theorem.md,definition/meta,2,1,0,1,"!!! example ""Hypothetical partition"" At 02:14, Node A accepts a checkout write but cannot reach Node B. A customer immediately reads from B and sees the old state. The on-call has one decision before more traffic arrives: reject operations until the link heals, or keep answering while replicas can disagree. CAP names the guarantee sacrificed by that decision; it does not let the operator avoid making it. Why This Exists In 2000, Eric Brewer observed that distributed systems face an unavoidable tension. You cannot simultaneously guarantee all three of: -   Consistency   — a single-copy / linearizable view: every operation appears to occur on one up-to-date copy of the data, respecting real-time ordering.  This is a much stronger guarantee than ""eventually correct"" — see  Consistency Models  consistency-models.md  for the weaker variants: causal, read-your-writes, sequential. -   Availability   — every request sent to a non-failing node eventually receives a response, even though that response may not reflect the latest write -   Partition Tolerance   — the system keeps operating even when network messages are lost/delayed between nodes The CAP theorem formalizes this:   in the presence of a network partition, you must choose between consistency and availability. !!! tip ""Mental Model"" Imagine two database nodes  Node A and Node B  connected by a network cable. You pull out the cable — a   network partition   occurs. - Node A gets a write request. Should it accept it and risk diverging from Node B? - If it accepts → Available but inconsistent"
docs/distributed-systems/consistency-models.md,definition/meta,2,1,0,1,"Why This Exists ""Consistency"" is not one thing. When someone says ""our database is eventually consistent"" or ""we use strong consistency,"" they're picking a point on a spectrum — and that point determines what your application is allowed to assume about the order and visibility of writes. Get this wrong and you ship bugs that only appear under concurrency: a user ""loses"" an item they just added to their cart, a like count goes backward, two replicas of the same account show different balances. These aren't rare edge cases — they're the default behavior of a system with weaker guarantees than the application assumed. !!! tip ""Mental Model"" Picture a shared whiteboard with photocopies mailed to remote offices.   Linearizable   means everyone reads the whiteboard itself — one queue, real-time order, no stale copies.   Eventual   means everyone reads their own photocopy, updated whenever the mail arrives — fast, always available, but you might read yesterday's board. Everything in between is a rule about  whose  photocopy you're allowed to read and  when  it must be up to date. Abstraction Levels === ""Mental Model"" Consistency is a spectrum of  what a read is allowed to see , not a boolean. Stronger models look like one copy; weaker models look like delayed photocopies. === ""Interview Simplification"" ""Linearizable for money, eventual for social counts, session guarantees  read-your-writes  for a logged-in user."" Fine as a first pass if you can say  why  each workload needs that floor. === ""Production Reality"" Product names do not pick a model —  R / W /quorum, isolation level, and client routing do.  R + W   N  is overlap, not linearizability; concurrent writes can still lose updates. Most user-visible bugs are missing  session  guarantees, not missing linearizability."
docs/distributed-systems/file-and-block-storage.md,mixed,2,1,1,0,"Why This Exists ""File system"" gets used to mean three unrelated things. A real local file system  XFS, ZFS . A real remote file system  NFS, Lustre . And things that aren't file systems at all but get treated like one anyway — S3, Dropbox, a homegrown blob table on top of Postgres. The confusion isn't pedantic. It's why a team mounts a shared NFS volume expecting ""the same disk, just shared,"" runs  git clone  on it, and watches an operation that takes 2 seconds locally take 3 minutes remotely. Nothing is broken. The mount is doing exactly what a network file system is supposed to do — it's just that ""supposed to do"" turns out to mean a network round trip for every single file and directory operation, and nobody budgeted for that. To see why, you have to go one layer lower than ""file system"" and start at the actual disk. Mental Model A block device is a fixed-length array of fixed-size buckets — usually 4 KB — with a three-function API and zero transactional semantics. A file system is what turns ""block 4,819 has some bytes in it"" into  /home/alice/report.pdf , and it's implemented as a layer inside the OS kernel, not inside the disk. Everything below follows from that one fact: the file system is software, running on one machine, that happens to read and write a block device. The moment you want two machines to share one file system, you're asking two kernels to agree on state that neither of them fully owns — and that's a distributed systems problem wearing a familiar API. From Blocks to Files Your laptop's SSD is literally an array of blocks: Two properties matter more than they look: 1.   Fixed length, known upfront.   There is no such thing as an infinite block device. 2.   No transactions.   No conditional updates, no compare-and-swap. Safe only because exactly one writer — your laptop — talks to it at a time."
docs/distributed-systems/fundamentals.md,definition/meta,2,1,0,1,"Why This Exists You have three database replicas. A user updates their profile on replica A. The update has not yet reached replica B. A network partition occurs — A and B are disconnected. Both accept writes. Then the partition heals. Now you have two conflicting versions of the profile. Your system needs to: - Detect that a conflict happened - Decide which version wins  and communicate why - Possibly merge them - Ensure all replicas agree on the outcome This document teaches the primitives that make consensus possible: logical time  so causality is measurable , leader election  so one replica can decide , and distributed locks  so only one thing changes at a time . The Core Problem: Machines Cannot Share Time In a single machine: Clear causality: y depends on x. Across machines:"
docs/distributed-systems/index.md,scene/hook,3,1,1,1,"A remote call can fail, time out, succeed after you gave up, run twice, or arrive out of order. Why This Exists A local function call has two outcomes: it returns, or it throws. You have built your entire intuition on that. A remote call has   three  : success, failure, and  unknown . The third one is the entire discipline. If that call times out, you know exactly one thing: you did not get a response. You do   not   know whether the charge happened. The request may have been lost before arriving, or executed and the reply lost on the way back. From where you stand, those are indistinguishable — and yet in one case the customer was charged and in the other they were not. Retry, and you might double-charge. Do not retry, and you might lose the payment. There is no third option that avoids the choice.   This ambiguity does not exist in single-machine programming, and no amount of clean code makes it go away. Distributed systems is the study of what you can still guarantee once you accept that. Mental Model The three assumptions you silently relied on — one clock, one memory, one failure domain — are all false across a network. Every concept in this section is a response to losing one of them. The Eight Fallacies  And The Three That Bite Peter Deutsch's classic list: the network is reliable, latency is zero, bandwidth is infinite, the network is secure, topology does not change, there is one administrator, transport cost is zero, the network is homogeneous. In interviews, three do the damage:"
docs/distributed-systems/multi-region-dr.md,definition/meta,1,0,0,1,"Why This Exists A single-region system has one region-sized SPOF  see  Single Points of Failure  ../reliability/single-points-of-failure.md , applied at the largest possible scale : the AWS  us-east-1  outage, the datacenter that loses power, the fire suppression system that floods the server floor. None of these are exotic — they've all happened. The question a DR strategy answers isn't ""can this happen"" — it's   ""when it happens, how much data do we lose, and how long are we down?"" Those two numbers have names: -   RTO  Recovery Time Objective    — how long can the system be down before recovery completes? -   RPO  Recovery Point Objective    — how much data  measured in time  can be lost — i.e., how stale is the most recent backup/replica you fail over to? Both can be driven toward zero. Neither is free — and the cost curve isn't linear, it's closer to exponential as RTO/RPO approach zero.   The senior skill here is picking a point on that curve deliberately, tied to an actual business requirement, instead of reflexively saying ""multi-region active-active"" because it sounds impressive. Mental Model: Two Dials, One Cost Curve Each tier to the right buys you a smaller RTO/RPO by keeping  more infrastructure warm, more data replicated, in more places, all the time  — which is exactly what costs money and adds operational surface area. There is no tier that's simply ""better"" than another; there's only the tier that matches what the business actually needs, which is why the first question in any DR design is ""what's the RTO/RPO requirement,"" not ""what pattern should we use."" The Four DR Tiers -   Backup & restore:   back up data periodically, store it  ideally in a different region/provider than the primary , and rebuild everything from scratch on disaster. Cheapest, slowest — RTO is however long it takes to provision infrastructure and restore data, which for a large database is measured in hours, sometimes days. -   Pilot light:   the smallest possible version of the system runs permanently in the DR site — usually just the database, kept in sync via continuous replication — while compute stays off until needed. On disaster, you scale up compute around the already-warm data. RTO drops because the slowest part  data  is already there. -   Warm standby:   a scaled-down but fully functional copy runs continuously in the DR site, capable of handling some traffic already. Failover means scaling it up and redirecting traffic, not building it from nothing."
docs/distributed-systems/raft.md,scene/hook,3,1,1,1,"Why This Exists You have   3 servers   holding the same config / lock / metadata. Clients must not see two truths. This is   consensus  : one history, despite crashes and delayed packets. Raft is the algorithm you can actually implement and explain. !!! tip ""Mental Model"" Raft is a   replicated state machine  . The leader sequences client writes into a log. Followers copy the log. A majority   ⌊n/2⌋+1   persisting an entry is necessary for it to be   committed   — but not sufficient on its own: the leader may only  count  that majority and declare commit for entries it appended   during its own current term    see Mechanics below for why . After commit, every future leader already has that entry — so the value cannot disappear. leader = sequencer  ·  term = epoch  ·  majority-of-current-term-entries = commit  ·  timeout = election Abstraction Levels === ""Mental Model"" A leader sequences writes into a log; a majority must persist an entry before it's committed; a new leader can never forget a committed entry. === ""Interview Simplification"" ""Raft gives you strongly consistent, linearizable reads and writes as long as a majority of nodes are up."" True for the common configuration — enough for most interview answers. === ""Production Reality"""
docs/distributed-systems/replication.md,scene/hook,3,1,1,1,"Why This Exists Every distributed database keeps multiple copies of the same data — for durability  a disk dies, you don't lose data , for availability  a node dies, you still serve traffic , and for latency  serve reads from the datacenter closest to the user . The moment you have more than one copy, you have to answer:   who is allowed to write, and how do the other copies find out? Every answer to that question is a replication topology, and every topology trades off latency, durability, and availability differently. Pick the wrong one and you either lose acknowledged writes on failover, silently serve stale reads, or build a system that can't tell two conflicting writes apart. !!! tip ""Mental Model"" Think of a single Google Doc  leader-follower , a group of people each editing their own offline copy and merging later  multi-leader , or a group text message where everyone can post and everyone reconciles who said what and when  leaderless . The topology you choose determines whether ""who wins"" is decided up front  one writer  or after the fact  conflict resolution . Abstraction Levels === ""Mental Model"" Extra copies buy durability, availability, and locality. They force a rule for  who may write  and  when a read is allowed to be old . === ""Interview Simplification"" ""Primary + replicas for reads; sync if you cannot lose the last write, async if you need the write to be fast."" Enough as a first sketch of leader-follower. === ""Production Reality"" Failover of an async replica can lose acknowledged writes. Multi-leader needs conflict resolution, not hope. Leaderless quorum   W / R / N   makes writes fail when  up < W  long before the cluster ""looks down"" — use the sim below."
docs/dsa/advanced-string-matching.md,definition/meta,1,0,1,0,"!!! example ""Illustrative interview"" Thousands of patterns must be found in one log stream. Scanning once per pattern repeats the input thousands of times. Build shared prefixes and failure links so one pass preserves every partial match that still matters. Difficulty:   Hard |   Pattern Type:   Multi-pattern / linear-time string algorithms Why These Algorithms Exist String Matching  KMP & Rabin-Karp   string-matching.md  covers the baseline: find one pattern inside one text, in linear time. That's necessary but not sufficient for a lot of real problems: - You need to find   thousands of patterns at once   in a single pass over the text  intrusion detection, spam filters scanning for banned phrases, DNA motif search . - You need to answer   substring queries   — ""does this substring repeat anywhere else?"" — repeatedly against the same text, where re-running KMP each time is wasteful. - You're matching against a   large alphabet    natural-language text, not just DNA's 4 letters , where a different heuristic than KMP's failure function wins in practice. - You need the   longest palindromic substring  , which none of the single-pattern-search algorithms address at all — it's a genuinely different problem shape. Each algorithm below is the answer to one of those shapes. They're grouped here, distinct from  string-matching.md , because they build on KMP's core ideas  failure functions, prefix-suffix structure  but solve harder problems. Aho-Corasick  Multi-Pattern Matching Mental Model"
docs/dsa/backtracking.md,mixed,2,1,1,0,"!!! example ""Illustrative interview"" A placement choice blocks every completion several moves later. Copying every partial board wastes memory; keeping bad choices explores forever. Choose, test, recurse, and undo so constraints prune the search tree without corrupting sibling branches. Difficulty:   Hard |   Pattern Type:   Exhaustive search with pruning Why This Technique Exists Some problems have no shortcut — you genuinely must try combinations to find one  or all  that satisfy the constraints: place queens so none attack each other, fill a Sudoku grid, find every subset or permutation. Brute-force enumeration of every possibility is correct but often wasteful, because most partial attempts are doomed early. Backtracking   is brute force with an escape hatch: build a solution incrementally, and the moment a partial choice violates a constraint, abandon it immediately instead of completing it. That pruning is the entire value proposition — the search tree explored can be exponentially smaller than the full space. Mental Model Think of it as   DFS over a decision tree  , where each node is a partial solution and each edge is one choice. At every node: 1.   Choose   — make a candidate choice. 2.   Explore   — recurse on the resulting partial solution. 3.   Un-choose  backtrack    — undo the choice before trying the next one, restoring state for the sibling branch. The ""un-choose"" step is what separates backtracking from plain recursive brute force with no undo — it's what makes state reusable across branches instead of copying it every time."
docs/dsa/bfs-dfs.md,definition/meta,2,1,0,1,"!!! example ""Illustrative interview"" A grid contains a start, an exit, and blocked cells. The candidate follows one promising corridor deeply, reaches a dead end, and realizes the question asked for the  fewest  moves. The choice between a queue and a stack is not syntax: BFS earns shortest paths in an unweighted graph; DFS earns exhaustive reachability with less frontier state. Difficulty:   Medium |   Pattern Type:   Graph / Tree Traversal Why These Algorithms Exist Any time you need to   explore   a graph or tree — finding a path, checking connectivity, finding all reachable nodes — you need a systematic traversal strategy. BFS and DFS are the two fundamental traversal strategies. Understanding  which one to choose  is more important than implementing either. Mental Model BFS  Breadth-First Search :   Explore layer by layer. Like ripples in a pond — all nodes at distance 1, then distance 2, then distance 3. DFS  Depth-First Search :   Go as deep as possible before backtracking. Like exploring a maze — follow one path until you hit a dead end, then backtrack. Interactive Graph Visualizer <div class=""sim-container"" <div class=""sim-title"" 🔍 BFS / DFS Graph Visualizer</div"
docs/dsa/binary-search.md,mixed,2,1,1,0,"!!! example ""Illustrative interview"" The array is not the interesting part: the interviewer asks for the smallest capacity that finishes shipping within  D  days. Trying every capacity repeats the same monotonic fact—once a capacity works, every larger one works too. Binary search the first true answer instead of enumerating the answer space. Difficulty:   Easy  classic  / Medium-Hard  on the answer  |   Pattern Type:   Search space reduction Why This Pattern Exists Problem:   Find whether a target exists in a sorted array of n elements. Brute force:   Scan every element. - Time: O n - For n=1,000,000: up to a million comparisons Insight:   Because the array is sorted, checking the middle element tells you which half the target  must  be in  if present at all  — the other half can be discarded entirely without inspecting it. Each comparison halves the remaining search space. Result:   O log n  instead of O n . For n=1,000,000, that's ~20 comparisons instead of up to a million. The deeper, senior-level insight:   binary search doesn't require an array at all.   It only requires a  monotonic predicate  — a yes/no question over a range of candidate answers where the answer flips exactly once  all ""no"" then all ""yes"", or vice versa . This generalization is ""binary search on the answer,"" and it's the version staff-level interviews probe for, because it shows you can recognize the  structure  of binary search independent of arrays. Mental Model"
docs/dsa/dynamic-programming.md,definition/meta,1,0,0,1,"!!! example ""Illustrative interview"" A recursive solution to a small counting problem looks elegant, but the trace recomputes the same state thousands of times. At  n = 45 , the clock expires before the program does. Write the state and transition first; caching repeated subproblems turns the recursion tree from exponential repetition into bounded work. Difficulty:   Medium–Hard |   Pattern Type:   Overlapping subproblems Why This Pattern Exists Problem:   A staircase has  n  steps. You can climb 1 or 2 steps at a time. How many distinct ways can you reach the top? Brute force:   from step  i , try  i+1  and  i+2 . Recurse. For  n=40  this is tens of millions of calls. The call tree is exponential, but there are only  n   different  questions:  ways k   for  k = 0..n . Clue:   the same subproblem shows up more than once    overlapping subproblems   , and the answer to  n  is built only from answers to smaller  n     optimal substructure   . That pair is DP. Not “a 2D array.” The array is an implementation detail. Mental Model You are   filling a table of answers to smaller questions  , in an order that guarantees those answers already exist. If you cannot name the  question a cell answers  in one sentence, you do not have a recurrence yet. Stop coding. From brute force to optimal — Fibonacci / climb stairs"
docs/dsa/foundations.md,scene/hook,3,1,1,1,"!!! example ""Illustrative interview"" A correct brute-force answer passes the sample and times out at  n = 100,000 . Before reaching for a named algorithm, translate the constraint into an operation budget and identify which repeated work must disappear. Difficulty:   Foundational |   Pattern Type:   Process / Meta-skill Why This Exists Problem:   Given an unseen problem, most candidates either freeze or jump straight to coding a half-formed idea. Brute force approach to interviewing:   Read the problem, immediately start typing, discover a bug or missing case 10 minutes in, backtrack, panic-optimize. - Time to a correct, optimal solution: unpredictable, often doesn't converge - Interviewer signal: ""can't structure their own thinking"" Insight:   Every DSA problem — regardless of topic — follows the same shape: constraints imply a target complexity, and target complexity implies a small set of candidate patterns. If you learn to read  constraints  instead of  topics , you can navigate to the right technique even for problems you've never seen. Result:   A repeatable, interviewer-legible process that gets you to a working brute force in minutes and an optimized solution with a clear narrative of  why  it's optimal — which is what's actually being graded. Mental Model Think of every problem as a pipeline. Skipping a stage is where candidates lose points, even when the final code is correct."
docs/dsa/graph-algorithms.md,definition/meta,2,0,1,1,"!!! example ""Illustrative interview"" The shortest-looking edge leads to an expensive route later. A plain BFS ignores weights, while trying every path explodes. The graph's weight and cycle properties—not its business story—select the algorithm. Difficulty:   Hard |   Pattern Type:   Weighted graph traversal / ordering !!! note ""Not covered here"" Unweighted traversal  BFS/DFS, connected components, cycle detection with plain graphs  already has its own page:  BFS & DFS  bfs-dfs.md . This page starts where that one stops —   weighted   edges and   ordering   constraints. Why These Algorithms Exist BFS finds shortest paths — but only when every edge costs the same. The moment edges have different weights  latency, distance, cost , ""first arrival"" no longer means ""cheapest arrival,"" and you need an algorithm that accounts for weight:   Dijkstra  . A related but different question: given a weighted graph, what's the cheapest way to connect  every  node — a network with no cycles and minimum total edge cost? That's a   Minimum Spanning Tree  MST   , solved by   Prim's   or   Kruskal's   algorithm. A third question is about  ordering , not distance: if some tasks must happen before others  build systems, course prerequisites, package installs , what's a valid execution order? That's   topological sort  . All three show up constantly in system design  routing, network cost minimization, dependency resolution  and are classic interview staples. Mental Model Dijkstra:   Best-first search with a   min-heap  , not FIFO BFS. Always expand the  closest unvisited  node next, and   relax    try to improve  the distance to its neighbors. Once a node is popped as the minimum, its distance is final — it can never be improved later, because all other paths to it would have to go through a farther node first."
docs/dsa/greedy.md,definition/meta,2,0,1,1,"!!! example ""Illustrative interview"" Choosing the meeting that starts first feels natural and leaves less room for everything after it. Choosing the one that finishes first preserves the largest remaining interval. A greedy rule is valid only when its local choice can be proved safe. Difficulty:   Medium |   Pattern Type:   Locally optimal choices Why This Technique Exists Some optimization problems don't need dynamic programming's ""try every combination and remember the best"" — a sequence of purely   local   best choices, made once and never revisited, provably produces the   global   optimum. When that holds, greedy is dramatically simpler and faster than DP: O n log n  for a sort instead of O n²  or worse for a full DP table. The catch is that greedy is only correct when the problem has a specific structure  below  — applied to the wrong problem, it produces a plausible-looking wrong answer with no warning. Knowing  when  greedy is valid is the actual interview skill. Mental Model A greedy algorithm makes the choice that looks best   right now  , commits to it, and never reconsiders. This is valid exactly when the problem has: 1.   Greedy choice property   — a locally optimal choice leads to a globally optimal solution; you never need to backtrack. 2.   Optimal substructure   — the optimal solution to the whole problem contains optimal solutions to its subproblems  same requirement DP has . The proof pattern for most greedy correctness arguments is an   exchange argument  : take any optimal solution that differs from the greedy one, show you can swap in the greedy choice without making it worse — therefore greedy is at least as good. Interactive Interval Scheduling Visualizer"
docs/dsa/hashing-techniques.md,definition/meta,2,0,1,1,"!!! example ""Illustrative interview"" Duplicate detection must answer quickly across millions of values. Comparing every pair is quadratic; remembering exact membership trades memory for constant-time lookup. The question becomes which identity to hash and how collisions affect correctness. Difficulty:   Hard |   Pattern Type:   Probabilistic data structures / space-efficient hashing Why These Structures Exist A regular hash set answers ""have I seen this exact key?"" exactly, but it pays for that exactness with O n  space — one full entry per key. At scale, that's a real cost: deduplicating a billion-URL crawl frontier, checking ""might this key exist before I do an expensive disk read,"" or counting how many distinct users hit an endpoint today. The structures on this page all make the same trade:   give up exactness, in a well-understood and bounded way, in exchange for orders-of-magnitude less memory.   Each one exists because a specific caller can tolerate a specific kind of imprecision: -   Bloom filter   — tolerates false positives, never false negatives. Used as a cheap pre-check before an expensive lookup. -   Counting Bloom filter   — same, but also supports deletion. -   Cuckoo hashing   — a hash table layout, not a probabilistic filter, but it solves the same ""space-efficient membership + deletion"" problem with a different mechanism, and interviewers often ask you to contrast it with Bloom filters. -   HyperLogLog   — tolerates a small, bounded percentage error on a  count , in exchange for using almost no memory regardless of how large the count is. Bloom Filter Mental Model"
docs/dsa/heaps.md,scene/hook,3,1,1,1,"!!! example ""Illustrative interview"" A stream never ends, but the interviewer asks for its ten largest values at any moment. Sorting the whole history repeats work and requires storing everything. Keep only the boundary in a size-ten min-heap. Difficulty:   Medium |   Pattern Type:   Priority-ordered access Why This Data Structure Exists Sorting an entire collection to repeatedly pull the smallest  or largest  element is wasteful — O n log n  up front when you may only need the top few. A   heap   gives you the minimum  or maximum  in O 1  and lets you insert or remove it in O log n , without ever fully sorting anything. Any time the clue is   ""top k""  ,   ""k-th smallest/largest""  ,   ""merge k sorted lists""  , or   ""schedule by priority""  , a heap is the tool: it maintains partial order — just enough to always know what's next. Mental Model A binary heap is a   complete binary tree stored in an array  . ""Complete"" means every level is full except possibly the last, which fills left to right — that's what lets it live in an array with no pointers: Min-heap invariant:   every parent ≤ both children. The root is always the minimum — but siblings and cousins have   no   ordering relationship to each other. A heap is not a sorted array; it's the minimum amount of order needed to answer ""what's smallest?"" in O 1 . Two operations restore the invariant after it breaks: -   Sift up  bubble up :   after inserting at the end, swap with the parent while smaller than it. -   Sift down  bubble down :   after removing the root, move the last element to the root and swap with the smaller child while larger than it."
docs/dsa/index.md,definition/meta,2,0,1,1,"Clue → pattern. Code is   Python  ; a few pages  mainly DP  also show Go.   Most   pattern pages have a visualizer  Run / Reset; some add Step / Auto Play . Foundations, two pointers, binary search, and the pattern-recognition index have   no   visualizer. Why This Exists There are thousands of LeetCode problems and roughly   fifteen   underlying patterns. Engineers who grind problems randomly memorize solutions and freeze the moment they see something unfamiliar. Engineers who learn patterns recognize the shape of a new problem in the first minute. The skill being tested is not ""have you seen this problem."" It is:   can you map an unfamiliar problem onto a technique you know, and justify the complexity?   That is a translation skill, and it is trainable in a way that memorization is not. So the unit of study here is the  clue , not the problem. ""Contiguous subarray"" is a clue. ""Sorted array"" is a clue. Each points at a small set of techniques, and knowing the mapping converts a blank-page panic into a mechanical process. Mental Model: The Complexity Ladder Nearly every optimization in interviews is a move down this ladder. Knowing which rung you are on tells you whether to keep optimizing: The most common interview arc is O n²  → O n .   You get there with one of three moves: 1.   Hash map   — trade memory for lookup. ""Have I seen this before?"" becomes O 1 . 2.   Two pointers / sliding window   — exploit sortedness or contiguity to avoid re-scanning. 3.   Sort first   — pay O n log n  once to make the rest linear. !!! tip ""Say the complexity out loud, unprompted"""
docs/dsa/pattern-recognition.md,scene/hook,3,1,1,1,"!!! example ""Illustrative interview"" The candidate can implement several algorithms but spends ten minutes choosing one. Underline the structural clues—contiguous, sorted, top K, connected, repeated state—then map each clue to the invariant an algorithm maintains. Difficulty:   All levels |   Pattern Type:   Meta / Synthesis Why This Page Exists Problem:   You're 90 seconds into reading an unfamiliar interview problem. It doesn't scream ""this is a sliding window problem"" the way a textbook chapter title would. Brute force approach:   Try coding  something , usually nested loops, and hope a pattern emerges as you go. - Unpredictable time to a working solution - Often locks you into the wrong data structure before you've thought it through Insight:   Every pattern on this site answers a  specific shape  of question, and that shape is visible in the problem's   keywords, input shape, and constraints   before you write any code. ""Pattern recognition"" isn't memorizing 200 problems — it's memorizing the ~15 signals below and practicing spotting them fast. Result:   A 30-60 second triage step that gets you to the right family of technique before you commit to code, which is exactly what staff-level interviewers are evaluating when they watch your first few minutes. Mental Model Think of pattern recognition as narrowing a funnel: constraints eliminate whole complexity classes, then keywords select the specific technique within what's left."
docs/dsa/probabilistic-sketches.md,definition/meta,2,0,1,1,"!!! example ""Illustrative interview"" Exact per-key counts no longer fit in memory, but the product only needs to reject definitely absent keys or estimate heavy hitters. A bounded error is cheaper than an exact answer the system cannot store. State which mistakes are allowed before choosing a sketch. Difficulty:   Hard |   Pattern Type:   Probabilistic data structures / streaming summaries !!! note ""Read Bloom first"" Advanced Hashing  hashing-techniques.md  covers Bloom filters, counting Bloom filters, cuckoo  hashing , and HyperLogLog. This page is the next interview:   delete without 4-bit counters  ,   frequency  ,   percentiles  ,   set similarity  . Cuckoo  filter  is not cuckoo hashing. Why These Structures Exist A Bloom filter answers one question:  might this key be in the set?  That is the wrong tool for the next four questions production systems actually ask: Every structure on this page makes the same deal Bloom does —   bounded error, orders-of-magnitude less memory   — for a different query. !!! tip ""Mental Model"" Bloom / compact filters =  membership . Count-Min =  how often . t-digest =  where in the distribution . MinHash =  how alike two sets are . If you cannot name the query, you do not have a sketch yet. Compact Membership Filters  after Bloom Cuckoo filter"
docs/dsa/skip-lists-fenwick-segment-trees.md,definition/meta,1,0,1,0,"!!! example ""Illustrative interview"" Point updates and range queries alternate too often to recompute each range or rebuild prefix sums. The operation mix is the clue: store partial aggregates so an update and a query each touch logarithmically many nodes. Difficulty:   Hard |   Pattern Type:   Ordered maps / range queries !!! note ""Exact on purpose"" Bloom / sketches  probabilistic-sketches.md  trade correctness for RAM. This page is the other fork:   the answer must be exact  , updates and queries both have to be faster than O n , and you are willing to pay O n  memory. Redis sorted sets, prefix-sum interviews, and ""range add, range min"" all live here. Why These Structures Exist A sorted array gives O log n  search and O n  insert. A balanced BST gives O log n  insert/search but not ""sum of keys in   L, R  "" without extra work.  A heap gives O 1  access to the extremum but O n  search for an arbitrary key — it's not a substitute for a balanced BST here.  A prefix-sum array gives O 1  range sum and O n  point update. The three structures on this page close those gaps: They show up in   system   interviews too: Redis  ZSET  is a skip list + hash table; Fenwick/segment trees are the ""n = 10^5, many range queries"" DSA tell. !!! tip ""Mental Model"" Skip list = express lanes on a sorted linked list  coin flips instead of rotations . Fenwick = the prefix-sum array's updatable cousin  each index owns a power-of-two range . Segment tree = the full binary tree over the array  every interval has a node . Skip List"
docs/dsa/sliding-window.md,scene/hook,3,1,1,1,"!!! example ""Illustrative interview"" The interviewer asks for the longest substring without repeated characters. Eight minutes disappear into nested loops; at  n = 100,000 , recomputing every substring cannot finish. The word   contiguous   is the clue: keep one moving window, update only what enters and leaves, and never rescan work the window already knows. Difficulty:   Medium |   Pattern Type:   Array/String optimization Why This Pattern Exists Problem:   Find the maximum sum of any subarray of length K. Brute force:   For each starting position, sum the next K elements. - Time: O N × K - For N=10,000, K=1,000: 10 million operations Insight:   When we move the window forward by 1, we only need to: -   Add   one new element  the new right boundary -   Remove   one old element  the old left boundary Instead of recalculating the sum each time  O K  , we update it in O 1 ."
docs/dsa/sorting.md,definition/meta,2,0,1,1,"!!! example ""Illustrative interview"" Records must be sorted under a memory limit, equal keys must preserve input order, and the data may already be nearly ordered. “Use quicksort” answers none of those constraints. Choose the algorithm from stability, worst case, memory, and input shape. Difficulty:   Medium |   Pattern Type:   Comparison-based ordering Why This Topic Exists Sorting is rarely the final answer in an interview — it's usually the O n log n  step that  unlocks  something else: binary search, two pointers, greedy interval scheduling, deduplication. Knowing the sorting algorithms' internals matters less than knowing their   properties  : is it stable, is it in-place, what's the worst case, and does it need extra memory. Those properties decide which one is right for a given constraint, and interviewers probe exactly that. Python's built-in  sorted   / .sort    uses   Timsort    a hybrid of merge sort and insertion sort  — you should never hand-roll a sort in production, but you're expected to implement one from scratch and reason about its trade-offs on demand. Mental Model Three families, three trade-offs: Quicksort   and   merge sort   are both divide-and-conquer, but they divide at different points: quicksort does the hard work  partitioning   before  recursing, merge sort does the hard work  merging   after . That's why quicksort can be in-place and merge sort naturally can't — merging two separately-sorted halves needs a buffer. Interactive Sort Comparison <div class=""sim-container"" <div class=""sim-title"" 📊 Quicksort / Merge Sort / Heapsort</div"
docs/dsa/string-matching.md,definition/meta,2,0,1,1,"!!! example ""Illustrative interview"" A long prefix matches, the next character fails, and the naive matcher restarts from scratch. The discarded prefix already contains information about the next viable alignment. KMP records that information so the text pointer never moves backward. Difficulty:   Hard |   Pattern Type:   Substring search !!! note ""Multi-pattern matching and beyond"" This page covers single-pattern KMP and Rabin-Karp. For multi-pattern matching  Aho-Corasick , the Z-algorithm, suffix arrays, Boyer-Moore, and Manacher's algorithm, see  Advanced String Matching  advanced-string-matching.md . Why These Algorithms Exist The naive way to find a pattern of length m inside a text of length n checks every starting position and compares character by character: O nm  worst case. For text search at scale  log scanning, DNA sequence matching, plagiarism detection , that's too slow. KMP  Knuth-Morris-Pratt    and   Rabin-Karp   both achieve better-than-naive matching, but via completely different mechanisms: -   KMP   never re-examines a text character it has already matched — it uses information about the pattern's own internal structure to skip redundant comparisons. -   Rabin-Karp   uses a rolling hash to compare whole substrings in O 1  amortized per position, only falling back to character comparison on a hash collision. Mental Model KMP's insight:   when a mismatch occurs after matching some prefix of the pattern, you already know exactly what the last few text characters were — they equal the pattern's prefix up to the mismatch. If that prefix has a shorter substring that is  both  a prefix and a suffix of itself, you can resume matching from there instead of restarting the pattern at position 0 and re-scanning text you already saw."
docs/dsa/tries.md,definition/meta,1,0,0,1,"!!! example ""Illustrative interview"" Autocomplete receives a prefix and must return suggestions without scanning every word. A hash set answers whole-word membership but not shared prefixes. Store characters along shared paths so lookup cost follows query length rather than dictionary size. Difficulty:   Medium |   Pattern Type:   String prefix indexing Why This Data Structure Exists A hash set answers ""is this exact word present?"" in O 1  — but it can't answer ""what words  start with  this prefix?"" without scanning every entry. Autocomplete, spell-check, and IP routing all need fast   prefix   queries, not just exact-match queries. A   trie    from re  trie  val  restructures a set of strings so that every prefix is a real path in the tree, shared across every word with that prefix. Lookup and prefix search both cost O L  — proportional to the query length, completely independent of how many words are stored. Mental Model Each node represents one character position; a path from the root spells out a prefix. Words that share a prefix share the path — ""car,"" ""card,"" and ""care"" all reuse the c→a→r nodes and only branch afterward. The key insight:   a node existing does not mean it's a word.   ""ca"" is a valid path  shared prefix of ""car""/""card""/""care""/""cat""  but never marked as a complete word unless explicitly inserted. Interactive Trie Visualizer <div class=""sim-container"" <div class=""sim-title"" 🌳 Trie: Insert / Search</div"
docs/dsa/two-pointers.md,definition/meta,2,1,0,1,"!!! example ""Illustrative interview"" Given a sorted array and a target sum, the candidate tries every pair:  O n²   comparisons and no use of the ordering clue. Put one pointer at each end. Each comparison now proves an entire side cannot work, so one pointer moves and the search finishes in  O n  . Difficulty:   Easy-Medium |   Pattern Type:   Array/Linked List optimization Why This Pattern Exists Problem:   Given a sorted array, find two numbers that sum to a target. Brute force:   Check every pair. - Time: O n^2 - For n=100,000: 10 billion operations — far too slow Insight:   The array is  sorted . If the current pair's sum is too small, moving the left pointer right can only increase the sum — moving the right pointer would just retry combinations we've implicitly already ruled out  since it's paired with every value from left to right already covered by increasing left . Symmetric logic holds if the sum is too big. So instead of trying all O n^2  pairs, we can eliminate one entire ""row"" or ""column"" of the search space with each comparison. Result:   O n  instead of O n^2 , because each pointer moves at most n times total, in one direction, never backtracking. This is the general shape of two pointers:   use a monotonic property of the data  sorted order, or a structural invariant like list cycles  to discard large chunks of the brute-force search space in O 1  per step. Mental Model"
docs/dsa/union-find.md,definition/meta,0,0,0,0,"!!! example ""Illustrative interview"" Accounts arrive with overlapping email addresses, and each new pair asks whether two users are already connected. Re-running DFS over the growing graph repeats old work. Union-Find keeps one representative per component so  union  records a merge and  find  answers connectivity almost constantly after path compression. Difficulty:   Medium |   Pattern Type:   Dynamic connectivity Why This Data Structure Exists Some problems only ask one question, over and over, as edges stream in:   ""are these two things in the same group?""   Recomputing connected components with BFS/DFS after every new connection is O V+E  each time. Union-Find answers both ""which group is X in?"" and ""merge these two groups"" in   near O 1  amortized  , making it the right tool whenever connectivity changes incrementally. It underlies Kruskal's MST  reject an edge if it would cycle , cycle detection in undirected graphs, ""number of islands II""  dynamic grid connectivity , and friend-circle / account-merging style problems. Mental Model Each element starts as its own set  its own tree, pointing to itself .   Union   merges two trees by making one root point to the other.   Find   walks parent pointers up to the root — the root   is   the set's identity. Two optimizations turn ""walk to the root"" from O n  worst case into practically O 1 : -   Union by rank:   attach the lower-rank root under the higher-rank root  rank bounds height, not node count . Equal rank → increment. Union   by size   is the different rule that attaches the smaller tree. -   Path compression:   while walking up during  find , repoint every visited node directly to the root, so the  next  find on any of them is instant. Together they give   O α n     amortized per operation, where α is the inverse Ackermann function — for any input size that fits in the universe, α n  ≤ 4. It is, for all practical purposes, constant time."
docs/foundations/adrs.md,scene/hook,3,1,1,1,"Why This Exists Six months after a decision, someone new joins the team, looks at the code, and asks ""why is this a queue instead of a direct call?"" The person who made that call has since left, or just doesn't remember — it was one decision among hundreds. Without a record, the team has two bad options: reverse-engineer the reasoning from the code  slow, often wrong , or re-litigate the decision from scratch  wastes the original analysis entirely, and might reach a worse answer without the context the first team had . An Architecture Decision Record  ADR  is a short, permanent document that captures one significant decision, the context that drove it, and the alternatives that were rejected — written at the time the decision is made, not reconstructed later.   It isn't a design doc  which explores a space  and it isn't a runbook  which describes how to operate something  — it's a  decision , frozen at the moment it was made, including the reasoning that will otherwise evaporate. Mental Model: A Decision Has a Half-Life The reasoning behind a decision decays fast. The tradeoffs felt obvious in the room — obvious enough that nobody wrote them down — and six months later ""obvious"" is gone, replaced by ""well, that's just how it is."" An ADR is a deliberate act against that decay: it's cheaper to spend fifteen minutes writing the reasoning down while it's fresh than to spend an afternoon reconstructing it later, multiplied by every future person who has the same question. The Format ADRs are deliberately short — one page, not a design doc. The canonical structure  Michael Nygard's original format, still the industry default : Why each section earns its place:    Context  is the part most ADRs skip and the part that matters most — without it, ""we use a queue"" reads as arbitrary six months later.  Alternatives Considered  is what stops the next person from re-proposing the same rejected option and wasting a meeting re-deriving why it doesn't work.  Consequences  is the honest ledger — including the costs, not just the win — which is what separates an ADR from a justification memo. When to Write One Not every decision needs an ADR — that would just create noise nobody reads. The bar is roughly:   would a reasonable engineer, six months from now, looking at this part of the system, wonder ""why was it built this way,"" and be unable to tell from the code alone? | Write an ADR | Skip it | |---|---|"
docs/foundations/api-design.md,scene/hook,3,1,1,1,"!!! example ""Hypothetical duplicate charge"" A mobile client sends  POST /charge , waits five seconds, and receives a 504. The payment processor completed the charge, but the client cannot know that, so it retries. A clean resource model is not enough: the API contract must make an ambiguous retry safe before the second request becomes a second charge. Why This Exists Every page in this repo about retries, timeouts, and circuit breakers quietly assumes one thing:   that retrying a request is safe.   It usually isn't, unless the API was designed to make it safe. This is not a network problem — it's an API design problem.   The network will always eventually lose a response  that's a law, not a bug to fix . The only question is whether the API was designed so a client can safely retry without knowing whether the first attempt succeeded. That's what this page is actually about — REST and GraphQL are the vocabulary; idempotency is the property that makes the rest of this repo's resilience patterns  retries, timeouts, at-least-once delivery  safe to use at all. REST: Resources, Verbs, and the Contract They Imply REST models an API as   resources    nouns:  /orders ,  /users/42   manipulated by a small, fixed set of   HTTP verbs  , each with a specific, promised behavior. The verbs are a contract, not just a naming convention.   Each one carries specific promised properties that clients, proxies, and caches are allowed to rely on: | Verb | Safe?  no side effects  | Idempotent?  repeating it = same effect as once  | |---|---|---| | GET | Yes | Yes | | PUT | No |   Yes   |"
docs/foundations/architecture-reviews.md,definition/meta,1,0,0,1,"Why This Exists A system design  interview  is one person designing under time pressure, narrating their own thinking. A system design  review  is different in a way that catches people off guard the first time they run one:   you're evaluating someone else's design, in a room with other reviewers, and your job isn't to design it yourself — it's to find the gaps before production does.   The skills overlap but the job is different: less ""here's my design,"" more ""here's the question that reveals whether this design has actually been thought through."" The failure mode on both sides is well known. As a reviewer: rubber-stamping because pushing back feels adversarial, or the opposite — nitpicking implementation details while missing the one load-bearing risk. As a presenter: defending every choice instead of treating the review as free risk-detection before the system meets real traffic. The Four-Lens Framework Most architecture reviews drift toward whatever the reviewer happens to know best — a database person interrogates the schema, a security person interrogates auth, and the system leaves the room with one lens applied thoroughly and three unexamined.   A structured review runs all four lenses deliberately, in order, so the discussion doesn't stall on the first interesting tangent. Scalability - What's the actual load today, and the load this needs to handle at the  next  growth milestone — not ""web scale"" in the abstract?  See  Requirements & Estimation  requirements-estimation.md . - Where's the bottleneck if load 10x's? Is it the database, a single hot partition, a synchronous chain of calls? Every design has one first bottleneck — has the presenter identified theirs, or do they believe it scales uniformly? - Does the design assume a stateless, horizontally-scalable component, or does something  a sticky session, a single-writer node  cap the ceiling? Reliability - Walk the request path:  where's the single point of failure  ../reliability/single-points-of-failure.md ? Is there exactly one of anything critical? - What's the blast radius of the most likely failure — one instance dying, one dependency going slow, one region going dark? Does a slow dependency degrade gracefully or cascade?  See  Circuit Breakers  ../reliability/circuit-breakers.md ."
docs/foundations/framework.md,definition/meta,2,1,0,1,"Why This Exists Interviewer:  ""Design a notification system."" Most candidates draw boxes — API, Kafka, workers, FCM, Postgres — then freeze when asked  ""10% of devices are offline for 3 days. What happens?""  The boxes never encoded retries, fan-out, or cost. Interviews test   how constraints change the design  , not whether you remember a reference architecture. This page is the 19-step method that forces that reasoning. !!! tip ""Mental Model"" A design interview is a vice. Each step tightens one constraint. Start with the smallest system that works. If a later step does not change the drawing, you skipped the pressure. understand → measure → draw the dumb thing → break it → add only the piece that fixes the break Naive System → What Breaks Problem:   ""Send a push when someone likes your photo."" Naive:  POST /notify  writes a row, a cron  SELECT   FROM pending  and calls FCM. | Pressure | What breaks | |----------|-------------|"
docs/foundations/index.md,scene/hook,3,1,1,1,"Start here if you can ship an API + database and need a method for everything larger. Why This Exists Most engineers fail system design interviews for one reason:   they start drawing boxes before they know what they are building. The prompt is ""design Twitter."" The candidate immediately draws a load balancer, three app servers, a database, and Redis. Forty minutes later the interviewer asks ""what happens when Justin Bieber tweets?"" and the whole design collapses — because it was never derived from the workload. It was recalled from a diagram someone saw once. The fix is a   method  . Given any unfamiliar system, you should be able to ask the right questions, put numbers on the answers, and let those numbers force the architecture. Boxes come last, not first. Mental Model Every design decision in this academy flows one direction: Reverse any arrow and you get cargo-cult design. ""We use Kafka"" is an answer looking for a question.   The bottleneck is what earns you the box. !!! tip ""The one-sentence test"" Before adding any component, finish this sentence:  ""I need this because \ \ \  exceeds \ \ \ ."" If you cannot fill both blanks with a number, you do not need the component yet. The Three Questions That Drive Everything"
docs/foundations/math.md,scene/hook,3,1,1,1,"Why This Exists ""We'll add a cache, it'll be fine."" Fine by what number? Every one of those mistakes is a five-minute mental-math problem an interviewer expects you to do out loud. Staff engineers are the ones in the room who can say ""that's wrong, and here's the number that's right"" before the meeting ends. !!! tip ""Mental Model"" Four tools, reused everywhere:   powers of two    size things ,   Little's Law    relate concurrency, rate, and time ,   percentiles    describe reality, not the fantasy of ""typical"" ,   availability math    multiply probabilities correctly across dependency graphs . size it → relate rate to concurrency → describe the tail → multiply the failure modes Naive System → What Breaks You estimate a thread pool ""big enough"" and a dependency chain ""should be fast enough."" | Naive assumption | What actually happens | |---|---| | ""Average latency is 50ms, we're fine"" | p99 is 2,000ms; 1 in 100 users has a terrible time, every time | | ""Pool of 50 threads should cover 1,000 req/s"" | Little's Law says you need 1,000 × 0.3s = 300 in flight — pool exhausts, queue explodes |"
docs/foundations/reasoning-transcripts.md,mixed,2,1,1,0,"These are   parallel worked examples  , not the assignment. Each is the voice in a senior engineer’s head during the first 15 minutes. Full designs live on the linked exercise / concept pages. Method on every row:   Requirement → Assumption → Calculation → Bottleneck → Option A vs B → Decision → New failure → V2  . Canonical modules that  are  this method:  URL shortener  ../system-design-exercises/url-shortener.md ,  Rate limiter  ../system-design-exercises/rate-limiter.md ,  Circuit breakers  ../reliability/circuit-breakers.md ,  Sharding  ../databases/sharding.md . Score yourself with the  design assessment rubric  ../system-design-exercises/assessment.md . 1. URL shortener Full exercise  ../system-design-exercises/url-shortener.md Requirement.    POST /shorten  → short URL;  GET /{code}  → 302/301 to the long URL. Analytics optional. Assumption.   100M URLs, 1B redirects/day, codes do not expire unless deleted, single-region V1 is allowed. Calculation.   Writes ≈ 1M/day ≈ 12/s. Reads ≈ 1B/86,400 ≈ 11.5k/s, peak ~10× → ~115k/s. Row ~300 B → 30 GB total. Fits in one Postgres + a lot of RAM for hot codes. Bottleneck.   Redirect p99, not storage. 115k/s to the primary is the first thing that dies. CPU on code generation is irrelevant at 12 writes/s. A vs B.   Sequential  base62 counter   vs hash of the URL. Counter: short, sortable, needs a unique allocator. Hash: no allocator, collisions, ugly codes. Custom aliases need a uniqueness check either way. Decision.   V1 = one API + Postgres  code PK  +  base62  from a DB sequence. 302 so we can change targets and count later. No Redis yet — 30 GB is not why we add a cache. New failure.   Peak 115k reads/s on one primary; p99 blows past 100ms; a celebrity code is one row with all the heat."
docs/foundations/requirements-estimation.md,scene/hook,3,1,1,1,"Why This Exists ""Design WhatsApp."" Two candidates draw the same boxes. Only one can say: Without those numbers you cannot choose Postgres vs a log, one region vs three, or a 4-core box vs a fleet. Estimation is not accounting — it is  which physics applies . !!! tip ""Mental Model"" Capacity is a funnel. DAU × actions/day becomes QPS. QPS × bytes becomes bandwidth and disk. Disk × RF × regions becomes the invoice. Cache hit rate is the only free lunch, and it is never free at miss. DAU → daily reqs → avg QPS → peak QPS → R/W split → bytes → disk/net → connections Naive System → What Breaks You hear ""10 million users"" and size a single 16-core API + one Postgres primary. | Missed factor | What actually happens | |---------------|------------------------| | 10M   DAU  , not registered | If registered is 80M, you undersized 8× | | 20 req/user/day | 200M req/day ≈ 2,300 avg QPS — fine |"
docs/foundations/stateless-vs-stateful.md,scene/hook,3,1,1,1,"Why This Exists ""Can we just add another server?"" The honest answer is always ""it depends where the state lives,"" and most candidates never say that sentence out loud — they jump straight to ""yes, horizontal scaling."" If a user's session lives in that one server's memory, adding a tenth server does nothing for the nine users already pinned to servers one through nine, and it actively breaks the one whose next request gets load-balanced somewhere that's never heard of them. This is not a niche distinction — it is the single decision that determines whether horizontal scaling is a config change or a redesign. Every  load balancer  ../networking/load-balancing.md  algorithm, every  sharding  ../databases/sharding.md  scheme, and half of the trade-offs in the  trade-off matrix  ../reference/tradeoff-matrix.md  assume you already know which one you're building. !!! tip ""Mental model"" Stateless: every request carries everything the server needs to answer it.   The server is a pure function of the request — no memory between calls.   Stateful: the server remembers something about you from a previous request   — in process memory, on local disk, or pinned to a specific instance. The test that actually matters:  if this server died right now, mid-session, what does the user lose?  Stateless: nothing, the next request just lands on a different, equally-capable server. Stateful: whatever that server was holding, unless it was externalized somewhere durable. How Each One Actually Works The stateless server didn't do anything clever to survive Request 2 landing on a different instance — it just never depended on Request 1 having happened anywhere in particular. The stateful server's correctness depends on Request 2 arriving at the same physical process that handled Request 1. Key Differences | Feature | Stateless | Stateful | |---|---|---| | Server memory | Stores no client context | Stores client context  session  | | Request dependency | Independent — any request, any order, any server | Depends on prior interactions on the  same  server |"
docs/growth-mindset/boundaries.md,scene/hook,3,1,1,1,"!!! example ""Illustrative workplace scene"" In planning, an engineer says yes to a Friday launch while privately expecting two more weeks. The apparent agreement removes the team's chance to trade scope, staffing, or date. A respectful boundary makes constraints discussable before silent resentment becomes delivery failure. Why This Exists Saying No  ../behavioural/saying-no.md  teaches you to narrate a no as a polished interview story, told after the fact with a clean structure. This page is about the messier thing underneath:   the actual moment, in real time, when someone asks you for something and your honest answer is no — and the reflex to say yes anyway fires before you've even finished processing the ask.   That reflex is worth naming explicitly, because it doesn't feel like weakness in the moment. It feels like being agreeable, being a team player, not wanting to be difficult.   The cost shows up later, compounded, and by then it's much harder to trace back to the original yes. Why the Reflexive Yes Happens A yes given immediately, before you've actually evaluated the ask, is rarely a considered decision — it's usually the path of least resistance in the moment: saying no requires justifying yourself, risking friction, possibly disappointing someone, right now, in front of them. Saying yes defers all of that discomfort to later, to a future version of you who has to actually do the thing.   The reflexive yes trades a small, immediate social cost for a larger, delayed, and diffuse cost   — which is exactly the kind of trade humans are systematically bad at evaluating correctly in the moment, because the immediate cost is vivid and the delayed cost is abstract until it isn't. Concrete example:   a colleague asks in a hallway conversation, ""can you just quickly review this PR before end of day?"" It's Tuesday, you have two things already due Thursday, and ""quickly"" turns out to mean a 40-file refactor. The honest answer, evaluated for five seconds, is ""not today, but I can do it tomorrow morning."" The reflexive answer, given in half a second because saying no to a quick, friendly hallway ask feels disproportionately awkward, is ""sure, no problem"" — and now Thursday's two things are at risk, not because the review itself was unreasonable, but because it was accepted without being weighed against what was already committed. The Compounding Cost A single reflexive yes rarely causes visible damage on its own — that's exactly what makes the pattern dangerous. The cost is in the accumulation, and in what the accumulation trains other people to expect. Each individual yes was locally reasonable-sounding — ""it's just a small favor,"" ""it'll only take an hour,"" ""I don't want to seem unhelpful."" What compounds is the  pattern being visible to others : the reflexive-yes engineer becomes the default person routed every ask that anyone predicts will get an easy yes, which is a self-reinforcing loop that has nothing to do with whether that engineer is actually the right person for any specific ask. Concrete example, at the compounded stage:   an engineer known for never turning anything down gets asked to be the informal point person for three different cross-team integration questions, on top of their actual project, because each requester independently thought ""they'll probably say yes and they're helpful."" No single ask was unreasonable. The sum is a person doing four jobs' worth of context-switching, with none of it reflected in their actual assigned scope of work, and no one single person to point to as the cause — because the cost was distributed across many small, individually-defensible yeses. Building the Habit of a Considered Answer"
docs/growth-mindset/crucial-conversations.md,definition/meta,2,1,0,1,"!!! example ""Illustrative workplace scene"" A design review has already converged when one engineer finds a data-loss path. Dropping “this is broken” into the meeting invites defense; hiding it protects harmony and risks users. Present the observable, consequence, and reversible next step without attacking the people who built it. Why This Exists Standing Your Ground  standing-your-ground.md  covers disagreeing with someone above you. This page covers something adjacent and, for most engineers, harder:   being the one who has to deliver the hard message   — telling a teammate their code isn't ready, telling a peer their pet project is being cut, telling your own manager a deadline they've already promised externally isn't real, telling a report their performance isn't where it needs to be. The instinct under discomfort is to soften the message until it's unclear  which fails the listener, who leaves not understanding what actually happened  or to over-correct into bluntness that reads as an attack  which fails the relationship, and often gets the message rejected on tone before the substance is even heard .   Neither extreme actually communicates. The skill is a specific middle path, and it's learnable — it's not a personality trait some people have and others don't. The Core Structure: Facts, Then Impact, Then the Ask The single most common failure in a hard conversation is leading with the conclusion instead of the evidence — ""this isn't working"" lands as a judgment with nothing to engage with.   Leading with the specific, observable facts, then the impact, then what you want to happen, gives the other person something to actually respond to   rather than something to just absorb or defend against. Worked Example 1: Telling a Teammate Their Code Isn't Ready Situation:   A peer has submitted a PR they're visibly proud of, three days before a deadline they care about, and it has a real architectural problem — not a nitpick. Weak version:    ""This isn't going to work, we need to redo the approach.""  — True, but it gives the author nothing to hold onto except that their three days of work is being rejected. It also doesn't distinguish ""wrong"" from ""wrong for a specific, nameable reason."" Better version, worked out loud: ""I want to walk through something before you put more time into this, because I think there's a real gap and I'd rather flag it now than after more work goes in. The approach writes directly to the primary on every request — for the current traffic, that's fine, but the ticket mentioned this feeding the recommendation pipeline eventually, and at that volume this write pattern would saturate the primary. Is that pipeline integration still in scope for this quarter, or did I misread the ticket? If it is, I think we need a queue in front of this before it ships, even though that's more work than what's here now. If it's genuinely not in scope yet, I'd want that written down somewhere so whoever picks this up later doesn't hit the same wall."" Why this version works:   it names the  specific  mechanism  write pattern, primary saturation under a stated future load , it asks a real question instead of assuming  ""is that still in scope"" , and it separates the  code  from the  person  — nothing in it implies the author is bad at their job, only that a specific assumption needs checking. It also gives the author an honest way to be right  ""if it's not in scope, that's fine, just document it""  rather than a binary of correct-code or rejected-work."
docs/growth-mindset/index.md,mixed,2,1,1,0,"Not a rehearsed story. The thing you actually do when nobody's grading you for it. Why This Exists Behavioural  ../behavioural/index.md  teaches you to narrate judgement you already have — six well-told stories, STAR plus reflection, scoped to the level you're interviewing for. This section is upstream of that:   it's about whether you actually have the judgement, not whether you can narrate it.   A candidate can memorize a perfect ""I pushed back on my manager"" story and still, in the room three months later, fold the first time a VP raises their voice. The story and the character aren't the same thing, and only one of them is fakeable for forty-five minutes. None of this is corporate-poster material. It's the specific, unglamorous mechanics of staying an engineer worth working with over a fifteen-year career, not just a good interview performance once. Mental Model: Two Different Failure Modes Almost every career-damaging mistake in this space falls into one of two buckets, and they require opposite corrections: The skill this whole section is built around is   calibration   — knowing which situations are worth spending your credibility on, and which aren't, and being honest with yourself about which bucket you're defaulting to under pressure. Most people have a default direction  some fold, some dig in , and the correction is almost always toward the  opposite  of your default, not toward a fixed rule. Pages in This Section | Page | Covers | |------|--------| |  Respect — Yourself and Others  self-respect.md  | Why self-respect is a prerequisite for being useful to a team, not a personal indulgence — and where it curdles into arrogance | |  Standing Your Ground, Professionally  standing-your-ground.md  | Disagreeing with someone who outranks you without becoming someone nobody wants in the room |"
docs/growth-mindset/seeing-what-others-miss.md,scene/hook,3,1,1,1,"!!! example ""Illustrative workplace scene"" Everyone celebrates lower average latency after a cache rollout. One engineer asks why support tickets rose and segments the tail by tenant; a small cohort is now much worse. Seeing more begins with testing which aggregate is hiding the harmed user. Why This Exists Every team has a story about the engineer who looked at a design everyone else had already approved and asked the one question that unraveled it — ""what happens if this call succeeds but the acknowledgment is lost?"" — a question nobody else thought to ask, not because they were less capable, but because they were looking at the same diagram through a different habit of attention.   This is usually described as talent, which makes it feel unlearnable. It's mostly a set of specific, nameable habits, and the habits transfer. The Habit: Asking What's Absent, Not Just What's Present Most review, by default, evaluates what's in front of you: does this code do what it claims, does this design handle the cases it names.   The habit that catches what others miss is a deliberate shift to asking what's  not  there   — what case wasn't named, what failure mode wasn't in the diagram, what assumption is silently load-bearing. Concrete example:   a design review walks through a payment retry flow — client times out, retries the charge. Everyone in the room nods; the retry logic is clean, the code is well-tested. The question that catches the actual bug: ""is the retry idempotent, or can this double-charge a customer if the first attempt actually succeeded and only the  response  was lost?"" Nothing in the diagram was wrong. The diagram just never drew the case where the request succeeded and only the acknowledgment failed — because that case doesn't show up unless you're specifically looking for what's missing, not evaluating what's present. Pattern-Matching From a Wider Library Part of ""seeing what others miss"" is genuinely just   having seen more failure modes before, and recognizing the shape of one recurring.   This is less mystical than it sounds — it's the direct payoff of studying  the failure library  ../reliability/failure-library.md , reading postmortems  your own team's and other companies' public ones , and treating every incident you're near as a pattern to file away, not just a fire to put out. Concrete example:   an engineer who has previously debugged a thundering-herd cache stampede recognizes the shape of the same problem in an unrelated system — a scheduled job that refreshes thousands of feature-flag configs on a fixed 5-minute boundary, all at once — even though the domain  feature flags, not a cache  is completely different. The recognition isn't magic; it's ""this has the shape of every-client-refreshes-at-the-same-instant, which I've seen cause a load spike before,"" pattern-matched from an unrelated incident months earlier. The engineer who hasn't seen that shape before has no hook to hang the recognition on, no matter how carefully they read the design — this is why the habit compounds specifically with deliberate exposure to failure modes, not just years of experience in the abstract. Slowing Down at the Point Everyone Else Speeds Up A specific, learnable habit:   the part of a design or a plan that feels most ""obviously fine"" is disproportionately likely to be where the gap is  , precisely because it's the part nobody scrutinized. Confidence in a room is contagious and travels faster than verification — once two or three people nod at a section, the social pressure to also just nod is real, and it compounds exactly where a second look was most needed."
docs/growth-mindset/self-respect.md,scene/hook,3,1,1,1,"!!! example ""Illustrative workplace scene"" A senior reviewer dismisses a proposal with “you do not understand the system.” The author can submit, retaliate, or return to the decision: ask for the violated invariant, state the evidence, and require critique of the work rather than the person. Why This Exists Respecting yourself sounds like a personal virtue — nice to have, orthogonal to whether you're good at the job. It isn't orthogonal.   An engineer who doesn't respect their own judgement defers on everything, contributes nothing distinctive, and becomes load-bearing infrastructure for other people's decisions instead of a source of decisions themselves.   An engineer who doesn't respect  others'  judgement stops listening, stops being correctable, and eventually gets isolated from the information that would have caught their next mistake. Both failure modes look different from the outside — one reads as meek, the other as arrogant — but they come from the same root:   an inaccurate model of whose judgement is worth how much weight, including your own. Self-Respect Is Not the Same as Confidence Confidence is a feeling — it goes up when you're winning and evaporates the moment you're wrong in public. Self-respect is closer to a standing policy:   you treat your own reasoning as worth stating clearly, worth defending until someone actually engages with it, and worth revising when someone does   — regardless of how the room's mood is trending in the moment. The tell that separates the two: a confident-but-not-self-respecting engineer goes quiet the instant a senior voice disagrees, not because they were convinced, but because the social pressure of disagreement outweighed the substance of their own point. A self-respecting engineer stays in the argument long enough to actually be convinced or to actually convince — and can tell you afterward which one happened and why. !!! tip ""The question that tells you which one you have"" After a meeting where you backed off a position, ask yourself:  ""Did I change my mind because of something they said, or because they said it with more confidence than me?""  If it's consistently the second one, that's a self-respect gap, not a judgement gap — your reasoning may have been right and you abandoned it for the wrong reason. Respecting Others Is Not the Same as Agreeing With Them The opposite failure is treating disagreement as disrespect — reading every pushback as an attack on your competence rather than information about a gap between your model and theirs.   Respecting someone else's judgement means taking their disagreement seriously enough to find out  why  they hold it before deciding they're wrong   — not the same as deferring to it automatically, and not the same as dismissing it because you've already decided you're right. The failure mode at each branch is skipping straight to a conclusion — either caving without understanding  why   self-respect gap  or holding firm without ever checking whether they saw something you didn't  respect-for-others gap . Both skip the actual work, which is finding the crux. Where It Curdles"
docs/growth-mindset/standing-your-ground.md,scene/hook,3,1,1,1,"!!! example ""Illustrative workplace scene"" A launch owner asks to bypass an irreversible migration check to meet a date. The engineer does not merely say no: they name the failure, offer a reversible scope cut, and state who must explicitly accept the remaining risk. Why This Exists At some point, someone with more authority than you will be wrong about something that matters, in a room where saying so carries real risk. This is not a hypothetical for a long career — it's a certainty, and how you handle it the first few times sets a pattern that's hard to unlearn later.   The failure most engineers are warned about is folding — going quiet, deferring, letting a bad decision through because pushing back felt too costly.   The failure almost nobody warns you about, because it's less common but more career-limiting when it happens, is the opposite:   conflating ""I believe I'm right"" with ""this is worth spending my credibility on,"" and turning every disagreement into a stand. The skill is not ""always push back"" or ""always defer"" — it's knowing which situations are actually worth the cost of pushing back, and then doing it in a way that preserves your ability to do it again next time. Conviction Is Not the Same as Volume The people who are best at this are, counterintuitively, usually the calmest in the room when they disagree — not because they don't feel strongly, but because they've separated   being right   from   needing to win the moment  . Someone who's actually confident in their reasoning can afford to be patient: state the position, name the specific risk, let the other person process it, and trust that a good argument doesn't need to be loud to eventually land. Someone who's performing conviction — trying to convince the room through intensity rather than substance — is usually compensating for an argument that isn't actually strong enough to stand on its own. The Decision: Is This Actually Worth It? Not every disagreement deserves a stand. Spending credibility on something low-stakes just because you have a strong opinion is how you run out of credibility for the time it actually matters. The branch most people skip is the second one:   actually saying the concern precisely, out loud, before deciding whether to escalate.   A surprising number of ""I raised this and got overruled"" stories, examined closely, turn out to be ""I looked unhappy about it and nobody engaged with an argument I never actually made explicit."" What Makes Pushback Land Instead of Just Register -   Name the specific mechanism, not a general feeling.   ""This will cause problems"" is a feeling. ""This removes the retry-safe guarantee our downstream consumers depend on, and I don't see where that gets replaced"" is an argument someone can actually engage with or refute."
docs/growth-mindset/storytelling-at-work.md,scene/hook,3,1,1,1,"!!! example ""Illustrative meeting"" A design review has twenty accurate slides and no decision. People debate Kafka, capacity, and ownership because nobody has explained what changed, who is affected, or which failure the proposal is meant to prevent. The presenter starts again with the current request path, the promotion that broke it, two choices, and one recommendation. Five minutes later, the room can disagree about the actual decision. Storytelling at work is not performance, fiction, or a way to make weak evidence sound persuasive. It is a compact way to help people understand   what changed, why it matters, what decision is needed, and what happens next  . Use it when a list of facts is accurate but does not give the audience a usable mental model. The story creates orientation; the evidence earns the decision. The Five-Beat Structure 1.   Before   — What was the expected or normal state? 2.   Change   — What observable event, constraint, or evidence changed? 3.   Consequence   — What user, business, or engineering outcome followed? 4.   Choice   — What realistic options exist, and what does each cost? 5.   Decision   — What do you recommend, who owns it, and when will you inspect the result? Keep the opening to 30–90 seconds. Then provide the detailed table, diagram, benchmark, timeline, or logs. Do not stretch five useful beats into a theatrical monologue. Worked Example: A Design Review"
docs/growth-mindset/strong-engineer.md,definition/meta,2,1,0,1,"!!! example ""Illustrative workplace scene"" An incident ends after a restart and the room wants to move on. A strong engineer restores service first, then preserves the timeline, tests the suspected cause, and turns the lesson into an owned change. Strength is repeatable judgment, not visible heroics. Why This Exists ""Be a strong engineer"" is advice with no content until it's split into two different things that get conflated constantly:   characteristics   — the traits and habits of mind someone has, largely invisible until they produce an outcome — and   conduct   — the specific, observable things they do, in specific moments, that other people actually see and remember. A team can have brilliant characteristics and still be miserable to work with if the conduct doesn't match — and conversely, disciplined conduct without the underlying characteristics tends to feel hollow, procedural, correct-on-paper but not actually trustworthy.   Both matter, and they're worth naming separately because they're built differently. Characteristics: What a Strong Engineer Has These aren't skills you study directly — they're outcomes of how someone habitually thinks, visible only in the pattern of their decisions over time. -   Calibration.   Knows the difference between ""I'm confident"" and ""I'm right,"" and can state a real probability instead of a binary. A strong engineer says ""I'm fairly sure this handles the common case, but I haven't tested the concurrent-write path"" — not because they're less confident than a weaker engineer, but because they've separated confidence from certainty and report both accurately. -   A short feedback loop with reality.   Strong engineers test their assumptions early and cheaply, rather than building on an unverified assumption for weeks and discovering it was wrong at the worst possible time. This shows up as a bias toward the smallest experiment that would falsify the current plan, run before the plan is fully committed to. -   Comfort holding two things at once: conviction and doubt.   Able to advocate strongly for a position while genuinely remaining open to being wrong — not performing openness while actually being closed, and not performing conviction while actually being unsure. This is rarer than either extreme alone. -   A bias toward the root cause over the symptom.   When something breaks, the instinct is ""why did this become possible"" rather than just ""how do I make this instance go away"" — see the mid/senior/staff distinction in  Behavioural — Mental Model  ../behavioural/index.md mental-model-what-level-is-this-story  for how this exact trait shows up as scope of impact in an interview story. -   Genuine curiosity that survives being busy.   The habit of asking ""wait, why does it actually work that way"" doesn't switch off under deadline pressure for a strong engineer — it gets deferred, tracked, and returned to, rather than permanently suppressed. An engineer who's stopped being curious under pressure has usually also stopped noticing the things curiosity would have caught. Conduct: What a Strong Engineer Does"
docs/growth-mindset/sustainable-pace.md,definition/meta,2,1,0,1,"!!! example ""Illustrative workplace scene"" A team celebrates the third late-night save in a month while the same alert remains unactionable. Individual endurance is masking an operating-system defect. Sustainable pace means turning repeated heroics into priorities, ownership, and explicit capacity trade-offs. Why This Exists Every engineer eventually meets a version of the following story, often from inside it: three months of nights and weekends to hit a launch date, praised loudly for the sacrifice, and then six months later either quietly worse at the job or quietly gone from it.   The system rewards the sprint and is indifferent to what it costs the person who ran it — which means protecting your own sustainability is not something the organization does for you by default. It's something you have to actively do for yourself, and the skill of doing it is as real and learnable as any technical skill on this site. This isn't an argument for working less, or for treating every deadline as negotiable. It's an argument that   burnout is a predictable systems failure with recognizable leading indicators, not a mysterious thing that happens to people who aren't tough enough   — and that a senior engineer's judgement is supposed to extend to managing their own capacity, the same way it extends to managing a system's. Mental Model: Capacity Is a Budget, Not a Character Trait Sustainable engineers aren't the ones who never work hard — they're the ones who treat intensity as a   budget with a recovery cycle  , spent deliberately on things that actually warrant it, rather than as a baseline state that creeps upward because nobody explicitly decided to raise it. The failure isn't working hard during a real crunch. It's the crunch never actually ending because nobody — including you — noticed it had quietly become the default. The Signs You're Past the Line, Before You Can See It Yourself The reason burnout sneaks up on capable people specifically is that the first symptoms don't feel like exhaustion — they feel like the job or the people around you getting worse, which is a much easier story to believe than ""I am running on empty."" | What it feels like | What it actually is | |---|---| | ""This codebase is a mess and nobody cares about quality anymore"" | Reduced patience, not a genuine change in the codebase — a sudden spike in how much friction bothers you is a personal-capacity signal, not always a code-quality signal |"
docs/interview-playbook/framework.md,scene/hook,3,1,1,1,"Interviewers at senior and staff loops are not grading whether you have seen Kafka. They are grading whether they would   let you own a system on a bad Friday  . This page is how that evaluation works, how to use this academy's modes, and how to ask questions that buy you the right design. How you are actually evaluated Most loops score some version of these axes. A perfect architecture with a zero on communication still fails. | Axis | What they listen for | What fails | |------|----------------------|------------| |   Reasoning   | You derive the next component from a requirement or a bottleneck | You recite a blog architecture | |   Prioritization   | You sequence: requirements → numbers → API → data → path → failures | You draw Kafka before QPS | |   Trade-offs   | Every choice names what you gave up | ""We'll use Redis"" with no alternative | |   Depth   | You can go one layer down  when asked   how the hash ring remaps  | You dump internals unprompted   or   bounce on the first ""how"" | |   Communication   | Structure, signposts, diagrams, check-ins | Monologue; interviewer cannot redirect | |   Ambiguity   | You make a default, state it, invite correction | You freeze until the prompt is complete | !!! tip ""The hidden rubric"""
docs/kubernetes/index.md,definition/meta,2,1,0,1,"Why This Exists Your Deployment says  3/3 Ready . Grafana is green. Users get   504  . Kubernetes did not ""lose the request."" The request walked   Client → Ingress → Service → Endpoints → Pod   and fell off at a hop you did not look at. The most expensive K8s skill is not writing YAML — it is knowing   which object is lying   and which  kubectl  command makes it confess. This page is a field guide: the objects, the path, the probes, then a diagnosis playbook for the failures that actually page you. !!! tip ""Mental Model"" A   Pod   is a rented room  one or more containers, one network namespace, one IP . A   Deployment   is the hotel manager that keeps N rooms occupied. A   Service   is the front-desk phone number  stable virtual IP  — it does   not   run your app.   Endpoints / EndpointSlice   is the current list of room numbers that are  Ready .   Ingress   is the street address and the bouncer  HTTP routing / TLS . If the phone list is empty, calling the front desk fails even if rooms exist. Abstraction Levels === ""Mental Model"" A Deployment keeps N pods running; a Service gives them a stable address; Ingress routes external HTTP to that Service; probes decide whether a pod counts as ""ready"" to receive traffic at all. === ""Interview Simplification"" ""Kubernetes handles scheduling, self-healing, and rolling updates — set requests/limits and readiness/liveness probes and it manages the rest."" True as far as it goes, and enough for most interview answers. === ""Production Reality"""
docs/labs/etcd-cluster.md,mixed,1,0,1,0,"!!! example ""Prediction checkpoint"" You will stop one member while writes continue. Before running the lab, predict whether a three-member cluster can still commit, which metric shows quorum health, and what changes when a second member stops. Treat the observed term and leader output as evidence, not decoration. Pairs with:    Consensus & Raft  ../distributed-systems/raft.md ,  CAP Theorem  ../distributed-systems/cap-theorem.md A real 3-node etcd cluster — literally the ""CP"" example in  CAP Theorem  ../distributed-systems/cap-theorem.md how-real-databases-behave 's database table. Kill a minority of nodes and writes keep working; kill a majority and writes cleanly refuse  never corrupt . Then run the exact  --consistency=serializable  vs. default-linearizable comparison that table describes. docker-compose.yml Exercises The full walkthrough  find the leader, kill a minority, kill a majority, compare serializable vs. linearizable reads without quorum  lives in the lab's README: labs/etcd-cluster/README.md on GitHub  https://github.com/sanketn26/interview-prep/blob/main/labs/etcd-cluster/README.md"
docs/labs/index.md,definition/meta,1,0,0,1,"The  Playgrounds  ../playgrounds/index.md  simulate a mechanism in the browser, fast and safely. These are the next step: the same failure, on a real Kafka broker, a real Postgres replica, a real Kubernetes cluster — with the timing, edge cases, and outright bugs a JS model doesn't bother simulating. Each lab's page here shows its actual  docker-compose.yml   or Terraform/Kubernetes config  inline — always in sync with the real file, since the page pulls it in at build time rather than copy-pasting it. The step-by-step exercises are longer and live in the lab's own  README.md  in the repo's   labs/   https://github.com/sanketn26/interview-prep/blob/main/labs  directory, linked from each page below. Every lab in this list has actually been run end-to-end while building it, not just written. Requirements - Docker and Docker Compose v2   docker compose version  should work -   kubernetes-kind   https://github.com/sanketn26/interview-prep/blob/main/labs/kubernetes-kind  additionally needs  kind  and  kubectl    brew install kind kubectl -   terraform-docker   https://github.com/sanketn26/interview-prep/blob/main/labs/terraform-docker  additionally needs Terraform   brew install hashicorp/tap/terraform - A few GB of free RAM if you run more than one lab at a time - Nothing here is meant to stay running — every lab ends with  docker compose down -v   or  kind delete cluster  /  terraform destroy Labs | Lab | Pairs with | What you can actually do that the simulator can't show | |---|---|---| |  Kafka cluster  kafka.md  |  Kafka Deep Dive  ../messaging/kafka.md  | Kill a real broker mid-traffic, watch a real leader election and a real consumer-group rebalance |"
docs/labs/kafka.md,definition/meta,2,0,1,1,"!!! example ""Prediction checkpoint"" You will kill a broker while a consumer group is reading. First write down which replica should become partition leader and whether consumption pauses during reassignment. The leader-election and rebalance log lines are the evidence that confirms or rejects your model. Pairs with:    Kafka Deep Dive  ../messaging/kafka.md A 3-broker Kafka cluster in KRaft mode  no ZooKeeper . Create a real topic, kill a real broker mid-traffic, and watch a real leader election and consumer-group rebalance — not a canvas animation. docker-compose.yml Exercises The full step-by-step walkthrough  create a topic, kill a broker and predict what happens to leadership/ISR, watch a live consumer-group rebalance, check consumer lag  lives in the lab's README: labs/kafka/README.md on GitHub  https://github.com/sanketn26/interview-prep/blob/main/labs/kafka/README.md"
docs/labs/kubernetes-kind.md,scene/hook,3,1,1,1,"!!! example ""Prediction checkpoint"" You will delete a serving pod while requests continue. Predict which component notices first, how long the endpoint remains routable, and whether the client sees an error. Then use events and endpoint state to explain the observed gap. Pairs with:    Kubernetes  ../kubernetes/index.md A real 3-node cluster  1 control-plane + 2 workers  with a real ingress controller. Break a Service selector and watch a stale keepalive connection survive it briefly before failing; break a readiness probe mid-rollout and watch Kubernetes correctly refuse to finish replacing working pods with broken ones — diagnosed with real  kubectl describe , not a guess. Needs  kind  and  kubectl  in addition to Docker:  brew install kind kubectl . kind-config.yaml manifests/app.yaml Exercises The full walkthrough  deploy, break the Service selector, break a readiness probe, diagnose each with  kubectl   lives in the lab's README: labs/kubernetes-kind/README.md on GitHub  https://github.com/sanketn26/interview-prep/blob/main/labs/kubernetes-kind/README.md"
docs/labs/load-balancer.md,mixed,2,1,1,0,"!!! example ""Prediction checkpoint"" One backend will become slow without becoming unhealthy. Predict how round-robin and least-connections distribute the next requests and which latency percentile moves first. Compare the observed assignment and timing before changing algorithms. Pairs with:    Load Balancing  ../networking/load-balancing.md Three real backends  two fast, one deliberately slow  behind a real nginx  upstream  block. Swap round robin for weighted or least-connections by editing config and reloading — the same way you would in production — kill a backend and watch nginx route around it with zero client-visible errors. docker-compose.yml nginx.conf Exercises The full walkthrough  verify round robin, kill a backend, swap to least-connections and weighted, measure the distribution difference  lives in the lab's README — including a real bind-mount caching gotcha on macOS/Colima worth knowing about: labs/load-balancer/README.md on GitHub  https://github.com/sanketn26/interview-prep/blob/main/labs/load-balancer/README.md"
docs/labs/postgres-replication.md,definition/meta,2,0,1,1,"!!! example ""Prediction checkpoint"" You will pause the replica, write to the primary, and read from both. Predict the visible values and the lag signal before each command. Then decide whether the application could safely serve that read from the replica. Pairs with:    Replication  ../distributed-systems/replication.md A real primary + 2 streaming replicas, cloned via  pg basebackup . Flip synchronous/asynchronous replication live, watch a synchronous write hang when its standby is down, and cause a real split-brain by running  pg promote    — the naive failover  Replication  ../distributed-systems/replication.md failover-mechanics  warns about. docker-compose.yml replica-entrypoint.sh The replica's custom entrypoint — clones from the primary via  pg basebackup  on first boot, then hands off to the standard postgres entrypoint: Exercises The full walkthrough  confirm replication, flip sync/async live, watch a sync write hang, promote a replica and observe the resulting split-brain  lives in the lab's README: labs/postgres-replication/README.md on GitHub  https://github.com/sanketn26/interview-prep/blob/main/labs/postgres-replication/README.md"
docs/labs/rate-limiter.md,definition/meta,0,0,0,0,"!!! example ""Prediction checkpoint"" Two workers will consume the final allowance concurrently. Predict the accepted-request count for a read-then-write counter and for an atomic update. The mismatch between the configured limit and observed admissions is the race you must explain. Pairs with:    Rate Limiting  ../reliability/rate-limiting.md No app code needed — just concurrent shell processes hitting a real Redis instance. Reproduces two real races: a naive  INCR + EXPIRE  counter whose window never actually closes under continuous traffic, and a check-then-act limiter that lets 20 requests through a limit of 5 under real concurrency. Both get fixed with one atomic Lua script. docker-compose.yml atomic incr expire.lua Fixes the ""TTL never expires"" bug —  EXPIRE  only fires on the request that creates the key: atomic fixed window.lua Fixes the check-then-act race — increment and limit check happen inside one atomic  EVAL , so there's no separate read step for two requests to race on: Exercises The full walkthrough  reproduce both races with exact commands, verify the fix count is exactly 5 allowed / 15 denied under concurrency  lives in the lab's README: labs/rate-limiter/README.md on GitHub  https://github.com/sanketn26/interview-prep/blob/main/labs/rate-limiter/README.md"
docs/labs/redis-cluster.md,definition/meta,0,0,0,0,"!!! example ""Prediction checkpoint"" You will stop the primary while clients are writing. Predict which Sentinel declares failure, when a replica is promoted, and what happens to writes during the gap. Use role and failover output to reconstruct the timeline. Pairs with:    Replication  ../distributed-systems/replication.md One master, two async replicas, three Sentinels watching with quorum 2. Kill the master and watch a real quorum vote a new one in — and watch it reconfigure the old master as a replica automatically once it comes back, unlike the manual  pg promote    split-brain in the  Postgres replication lab  postgres-replication.md . docker-compose.yml Exercises The full walkthrough  confirm the quorum sees everyone, kill the master and watch failover, bring the old master back and watch it reconfigure  lives in the lab's README: labs/redis-cluster/README.md on GitHub  https://github.com/sanketn26/interview-prep/blob/main/labs/redis-cluster/README.md !!! note ""Timing-sensitive"" Redis Sentinel's failover depends on real clock timing. On a heavily loaded or virtualized Docker host, Sentinel can enter its TILT protection mode and stall failover indefinitely — see the lab README for what to check if this happens. It's a genuine property of Sentinel worth knowing, not just a lab quirk."
docs/labs/retry-storm.md,mixed,2,1,1,0,"!!! example ""Prediction checkpoint"" A dependency will slow while every caller retries. Before injecting latency, calculate the maximum attempt rate and predict which pool saturates first. Then compare request, retry, and latency signals to the causal chain. Pairs with:    Circuit Breakers  ../reliability/circuit-breakers.md Reproduces that page's opening scenario for real: Toxiproxy injects a downstream timeout in front of a trivial, otherwise-healthy backend that logs every request it actually receives. Measure retry amplification directly — 10 client requests become roughly 40 real backend hits, not an assumed number. docker-compose.yml backend.py The backend — logs every request it actually receives  excluding its own  /health  endpoint, so container healthchecks don't contaminate the measurement : Exercises The full walkthrough  healthy baseline, inject the fault, measure amplification, recover  lives in the lab's README: labs/retry-storm/README.md on GitHub  https://github.com/sanketn26/interview-prep/blob/main/labs/retry-storm/README.md"
docs/labs/sharding-citus.md,mixed,1,0,0,1,"!!! example ""Prediction checkpoint"" You will run a co-located query and then one that crosses shards. Predict which query stays on one worker and which requires coordination. The distributed plan—not elapsed time alone—shows whether the shard key served the access pattern. Pairs with:    Sharding  ../databases/sharding.md A real Citus cluster — 1 coordinator + 3 workers. Distribute a table by shard key, query  pg dist shard placement  to see where data actually landed, compare a cross-shard query plan against a single-shard one, and reproduce a real hot shard with  docker stats  showing one container doing all the work. docker-compose.yml Exercises The full walkthrough  distribute a table, verify real shard balance, feel the cross-shard query cost, simulate a hot key  lives in the lab's README: labs/sharding-citus/README.md on GitHub  https://github.com/sanketn26/interview-prep/blob/main/labs/sharding-citus/README.md !!! note ""Apple Silicon / arm64"" Citus only publishes  linux/amd64  images — Docker runs it under emulation on an arm64 host. Works fine, just slower to start."
docs/labs/terraform-docker.md,definition/meta,0,0,0,0,"!!! example ""Prediction checkpoint"" You will change managed infrastructure outside Terraform, then run a plan. Predict which drift is detected and whether apply replaces or updates the resource. Read the plan as a proposed state transition before approving it. Pairs with:    Infrastructure as Code  ../cloud/infrastructure-as-code.md ,  Terraform  ../cloud/terraform.md Real Terraform, managing real containers on your local Docker daemon via the   kreuzwerker/docker   https://registry.terraform.io/providers/kreuzwerker/docker/latest  provider. Every concept from the two pages above is reproducible here:  plan / apply , idempotency, drift, forced replacement, blast radius via  count  — with zero AWS/GCP/Azure account needed. Needs Terraform in addition to Docker:  brew tap hashicorp/tap && brew install hashicorp/tap/terraform . main.tf variables.tf outputs.tf Exercises The full walkthrough  idempotent re-apply, real drift detection, scaling via a variable without touching existing resources, a real  -/+  forced-replacement plan  lives in the lab's README: labs/terraform-docker/README.md on GitHub  https://github.com/sanketn26/interview-prep/blob/main/labs/terraform-docker/README.md"
docs/learning-paths.md,scene/hook,3,1,1,1,"All links are   existing   pages. Status on each title is whatever  project status  project-status.md  says today — do not treat a Needs review page as gold. How to move through any path:  How to Study  how-to-use.md . The method itself:  Design framework  foundations/framework.md . The method  do not skip Four canonical modules  are  the intended loop —   requirements → numbers → bottleneck → smallest justified architecture → failure → evolution  . If you only have a week, do these four properly instead of skimming twenty. 1.  URL shortener  system-design-exercises/url-shortener.md  — V1 is one primary; cache/CDN are earned. 2.  Rate limiter  system-design-exercises/rate-limiter.md  — cardinality and fail-open vs fail-closed before Redis folklore. 3.  Circuit breakers  reliability/circuit-breakers.md  — timeout → retry math → breaker; run the storm sim. 4.  Sharding  databases/sharding.md  — hot key vs more boxes; then  consistent hashing  databases/consistent-hashing.md . Short voice-over of the same loop:  Reasoning transcripts  foundations/reasoning-transcripts.md . Score designs with  assessment  system-design-exercises/assessment.md . Senior Backend Goal: derive a service, store, cache, and async path without cargo-culting. 1.  Framework  foundations/framework.md  +  estimation  foundations/requirements-estimation.md  +  math  foundations/math.md"
docs/lld-exercises/atm.md,scene/hook,3,1,1,1,"!!! example ""Hypothetical withdrawal"" The bank authorizes a withdrawal, the cash dispenser jams, and the ATM loses power before printing a receipt. The customer must not lose money or receive cash twice. Model the state transitions and compensation before choosing classes. Difficulty:   Intermediate |   Time:   40–50 minutes Design it yourself first — entities, classes, relationships — before reading past step 3. This page follows the  9-step approach  ../low-level-design/index.md the-9-step-approach-use-it-on-every-problem . 1. Problem Statement Design the software for a single ATM machine. It accepts a card, validates a PIN  with a retry limit before the card is retained , lets the authenticated user pick an operation — withdraw, deposit, or check balance — dispenses cash respecting the machine's available denominations and the account's daily withdrawal limit, and must leave both the machine and the account in a consistent state even if something fails mid-transaction, such as the cash-dispensing hardware jamming  after  the account has already been debited. 2. Requirements Functional  in scope : - Insert card → enter PIN → select operation → complete or cancel, as a strict sequence - PIN validation with a retry limit  3 attempts ; the card is retained after the limit is exceeded - Withdraw: validate against account balance, daily withdrawal limit, and the ATM's available cash before dispensing - Deposit and balance-check operations"
docs/lld-exercises/car-rental.md,scene/hook,3,1,1,1,"!!! example ""Hypothetical double booking"" Two customers reserve the last SUV from different branches at the same time; one vehicle is returned damaged five minutes later. The model must separate vehicle availability, reservations, and rental state so a race cannot promise the same car twice. Difficulty:   Intermediate |   Time:   40–50 minutes Design it yourself first — entities, classes, relationships — before reading past step 3. This page follows the  9-step approach  ../low-level-design/index.md the-9-step-approach-use-it-on-every-problem . 1. Problem Statement Design a car rental system for a company with multiple branches  physical pickup/drop-off locations . Each branch has a fleet of vehicles across categories  economy, SUV, luxury . A customer searches availability for a category, a branch, and a date range; if available, they make a reservation. On the reservation's start date, the customer picks up a specific vehicle, converting the reservation into an active rental. The vehicle is returned — possibly at a different branch than it was picked up from  a one-way rental  — closing out the rental. Pricing varies by category, rental duration, and branch. 2. Requirements Functional  in scope : - Multiple branches, each holding a fleet of vehicles across categories  economy, SUV, luxury -  search availability category, branch, start date, end date   — how many vehicles of that category are free for the whole window -  reserve ...   — hold a vehicle of a category for a date range without binding a specific VIN yet -  pick up reservation   — binds a specific in-branch vehicle to the reservation and starts an active  Rental"
docs/lld-exercises/chess.md,definition/meta,2,0,1,1,"!!! example ""Hypothetical game state"" A player attempts castling after the king crossed an attacked square, then asks to undo. A bag of piece classes cannot answer whether the move was legal. Model board state, move validation, history, and turn transitions explicitly. Difficulty:   Intermediate |   Time:   45–60 minutes Design it yourself first — entities, classes, relationships — before reading past step 3. This page follows the  9-step approach  ../low-level-design/index.md the-9-step-approach-use-it-on-every-problem . 1. Problem Statement Design a two-player chess engine: an 8x8 board, standard piece movement and capture rules, check and checkmate detection, and a move history that supports undo. Scope boundary, stated up front:   this is the rules engine, not a tournament system. No chess clocks, no player ratings, no PGN network protocol, no AI opponent in the base version  it comes up in Extensibility . The two genuinely hard parts of this problem — the ones worth spending most of your interview time on — are   check detection    deciding whether a square, specifically the king's square, is under attack  and   undo    reversing a move cleanly, including its side effects like captures . Everything else is bookkeeping around those two. 2. Requirements Functional  in scope : - 8x8 board, standard starting position, alternating turns  White moves first - Legal movement and capture rules for all six piece types - Check detection: is the side-to-move's king currently attacked?"
docs/lld-exercises/elevator-system.md,scene/hook,3,1,1,1,"!!! example ""Hypothetical lobby surge"" Twenty riders call from the lobby while a car near the top floor is already moving upward. Serving requests in arrival order makes one rider wait indefinitely. Separate requests from scheduling policy so the system can change dispatch without rewriting elevator state. Difficulty:   Intermediate |   Time:   40–50 minutes Design it yourself first. This is the exercise where ""start coding immediately"" fails hardest — the state machine has to be right before any method body makes sense. 1. Problem Statement Design the control system for a bank of elevators in a building. A user on any floor can press up/down to request an elevator; a user inside a car can select a destination floor. The system must assign requests to elevators and move each elevator through its stops efficiently. 2. Requirements Functional  in scope : - N elevators serving F floors - External request: floor + direction  up/down - Internal request: destination floor, made from inside a car - Each elevator tracks its current floor, direction, and door state"
docs/lld-exercises/index.md,problem-led,0,0,0,0,"Work each exercise with the solution covered — design your own classes first, then compare. Every exercise applies the  9-step approach  ../low-level-design/index.md the-9-step-approach-use-it-on-every-problem : requirements → entities → classes → relationships → abstractions → patterns → core code → edge cases → concurrency. Read  OOP Fundamentals  ../low-level-design/oop-fundamentals.md ,  SOLID  ../low-level-design/solid-principles.md ,  Design Patterns  ../low-level-design/design-patterns.md , and  Concurrency Basics  ../low-level-design/concurrency-basics.md  first — these exercises assume that vocabulary rather than re-teaching it each time. Beginner Entity modeling, basic composition, simple state — no concurrency pressure yet. | Problem | Status | Core skill | |---------|--------|------------| |  Parking Lot  parking-lot.md  | Complete | Composition, Strategy  pricing , spot allocation | |  Tic Tac Toe  tic-tac-toe.md  | Complete | Simple state machine, win-condition checking | |  Library Management  library-management.md  | Complete | Multi-entity relationships  Book, Member, Loan , due-date rules | |  Splitwise  splitwise.md  | Complete | Graph simplification  debt netting , Strategy  split types  | Intermediate State machines, multi-entity coordination, strategy selection under real constraints."
docs/lld-exercises/library-management.md,definition/meta,2,0,1,1,"!!! example ""Hypothetical last copy"" Two members try to borrow the last available copy while a third has an active hold. A  Book.available  boolean cannot represent copies, loans, reservations, and overdue state. Model those lifecycles before adding methods. Difficulty:   Beginner |   Time:   30–40 minutes Design it yourself first — entities, classes, relationships — before reading past step 3. This page follows the  9-step approach  ../low-level-design/index.md the-9-step-approach-use-it-on-every-problem . 1. Problem Statement Design a library management system. The library has a catalog of books, where each title can have multiple physical copies. Members can check out and return copies. If every copy of a title is checked out, a member can join a reservation  hold  queue and gets notified when a copy becomes available. Loans have a due date, and returning a copy late accrues a fine. 2. Requirements Functional  in scope : - Catalog of  Book  titles, each backed by one or more physical  BookCopy  items -  checkout member, book   — hands out an available copy, records a due date -  return copy loan   — marks the copy back in circulation, calculates any overdue fine - If no copy is available, a member can reserve the title and joins a wait queue"
docs/lld-exercises/logger.md,scene/hook,3,1,1,1,"!!! example ""Hypothetical logging burst"" A production error emits 50,000 log events while the file sink stalls. Blocking every caller spreads the outage; dropping everything removes the evidence. Model levels, sinks, buffering, and backpressure as replaceable policies. Difficulty:   Advanced |   Time:   35–45 minutes Design it yourself first — entities, classes, relationships — before reading past step 3. This page follows the  9-step approach  ../low-level-design/index.md the-9-step-approach-use-it-on-every-problem . 1. Problem Statement Design a logging library. Callers log messages at different severity levels   DEBUG ,  INFO ,  WARN ,  ERROR  . Each log record can be written to multiple output sinks simultaneously — console, a local file, a remote log-aggregation service — and each sink has its own configurable minimum level  e.g. console shows  INFO +, a remote sink only ships  WARN + to save bandwidth . A slow sink, especially the network one, must never block the calling thread. The logger is called from many application threads concurrently and must not corrupt output or lose writes. 2. Requirements Functional  in scope : -  log level, message    and convenience  debug   / info   / warn   / error     accepts a record and routes it to all configured sinks - Each sink has its own minimum level filter, independent of the others - At least three sink types: console, file, remote/network -  log    returns immediately — the calling thread never blocks on I/O, even if a sink  e.g. the network sink  is slow or temporarily unavailable"
docs/lld-exercises/lru-cache.md,definition/meta,2,0,1,1,"!!! example ""Hypothetical eviction race"" The cache is full when one thread reads the least-recent key and another inserts a new value. A dictionary finds keys quickly but cannot maintain eviction order atomically. The design must make lookup, recency updates, and eviction one coherent operation. Difficulty:   Advanced |   Time:   30–40 minutes The constraint that makes this an LLD problem instead of a two-line  dict  wrapper is   O 1  for both  get  and  put , including eviction.   Design the data structure before writing any method body. 1. Problem Statement Design an in-memory cache with a fixed capacity. When the cache is full and a new key is inserted, evict the   least recently used   entry. Both  get key   and  put key, value   must run in O 1  time. This is the class-level version of the problem;  Cache Strategies  ../performance/cache-strategies.md  and  Distributed Cache  ../system-design-exercises/distributed-cache.md  cover the same eviction idea at the system-design layer — where the cache lives, how it's sharded, what happens when a node holding the cache dies. Here, the constraint is purely algorithmic: one process, one thread of reasoning about a data structure. 2. Requirements Functional  in scope : -  get key  -  value | None  — returns the value and marks the key as most-recently-used;  None /miss if absent -  put key, value   — inserts or updates; marks as most-recently-used; evicts the LRU entry if capacity is exceeded - Fixed capacity, set at construction"
docs/lld-exercises/notification-system.md,mixed,2,1,1,0,"!!! example ""Hypothetical campaign"" A campaign targets email, SMS, and push, but one user opted out of SMS and the email provider is timing out. Nested channel conditionals turn every new provider into a risky edit. Model channel strategy, preference, retry, and delivery state separately. Difficulty:   Advanced |   Time:   40–50 minutes Design it yourself first — entities, classes, relationships — before reading past step 3. This page follows the  9-step approach  ../low-level-design/index.md the-9-step-approach-use-it-on-every-problem . !!! info ""This is the class-level version"" This is the single-process, class-level version. For how this scales to millions of users across queues and delivery workers, see  Notification System  ../system-design-exercises/notification-system.md . 1. Problem Statement Design a notification service, running inside a single process, that supports multiple delivery channels  email, SMS, push , multiple event types that trigger notifications  ""order shipped,"" ""password reset,"" ""comment on your post"" , per-user preferences for which channels a user has opted into for each event type, and template-based rendering of the outgoing message. 2. Requirements Functional  in scope : - Producers  e.g. an  OrderService   publish an event without knowing which channels or handlers care about it - Each registered channel decides, per event, whether the target user wants to be notified on that channel"
docs/lld-exercises/parking-lot.md,problem-led,1,0,1,0,"!!! example ""Hypothetical Saturday rush"" Two gates see the last compact spot as free. A motorcycle already occupies a large spot while a truck waits, and both attendants allocate the compact spot at once. Model size rules, allocation, and concurrency before drawing classes. Difficulty:   Beginner |   Time:   30–40 minutes Design it yourself first — entities, classes, relationships — before reading past step 3. This page follows the  9-step approach  ../low-level-design/index.md the-9-step-approach-use-it-on-every-problem . 1. Problem Statement Design a parking lot with multiple levels. It has spots of different sizes  motorcycle, compact, large , accepts different vehicle types, tracks which spots are occupied, issues a ticket on entry, and calculates a fee on exit. 2. Requirements Functional  in scope : - Multiple levels, each with a fixed number of spots per size - A vehicle can only park in a spot sized appropriately for it  a motorcycle can use any spot, a car needs compact or larger - Issue a  Ticket  on entry recording entry time and spot - Calculate fee on exit based on duration and a configurable pricing strategy"
docs/lld-exercises/pub-sub.md,definition/meta,1,0,1,0,"!!! example ""Hypothetical slow subscriber"" One subscriber stops acknowledging while two healthy subscribers keep up. Synchronous delivery lets the slow consumer block everyone; blind redelivery duplicates work. Model topics, subscriptions, offsets, and delivery policy before implementation. Difficulty:   Advanced |   Time:   40–50 minutes Design it yourself first — entities, classes, relationships — before reading past step 3. This page follows the  9-step approach  ../low-level-design/index.md the-9-step-approach-use-it-on-every-problem . 1. Problem Statement Design an in-process publish-subscribe broker. Publishers publish messages to named topics without knowing who — if anyone — is listening. Subscribers subscribe to a topic by name and receive every message published to it  after  they subscribe. The system supports many independent topics at once, and a subscriber can unsubscribe at any time. Design for many subscribers per topic and frequent, high-volume publish calls — this is a mechanism other in-process components build on, not a one-off feature. 2. Requirements Functional  in scope : - Create/address topics implicitly by name  publishing or subscribing to an unknown topic name just works — no separate ""create topic"" step -  subscribe topic, callback   registers a callback and returns a subscription handle/id -  unsubscribe topic, subscription id   removes that subscriber from that topic -  publish topic, message   delivers the message to every subscriber currently on that topic"
docs/lld-exercises/rate-limiter.md,mixed,2,1,1,0,"!!! example ""Hypothetical boundary race"" Two threads observe one token remaining and both admit a request. A correct rate equation with a non-atomic update is still an incorrect limiter. Make the clock, algorithm, storage, and concurrency boundary explicit. Difficulty:   Advanced |   Time:   40–50 minutes Design it yourself first — entities, classes, relationships — before reading past step 3. This page follows the  9-step approach  ../low-level-design/index.md the-9-step-approach-use-it-on-every-problem . This is the single-process, class-level version of rate limiting. For how this scales across multiple servers with a shared counter store, see  Rate Limiting  ../reliability/rate-limiting.md . 1. Problem Statement Design an in-process rate limiter that a service can use to throttle requests per client — a client being an API key, a user ID, or an IP address. The limiter must support multiple algorithms  token bucket, sliding window log, sliding window counter, fixed window  behind one clean interface, and expose a single method —  allow request client id  -  bool  — that middleware can call on every incoming request. 2. Requirements Functional  in scope : - Per-client limits: each client is tracked and throttled independently - A single, algorithm-agnostic entry point:  allow request client id  -  bool - Support swapping the underlying algorithm  token bucket, sliding window, etc.  without changing any caller"
docs/lld-exercises/splitwise.md,mixed,2,1,1,0,"!!! example ""Hypothetical group expense"" One dinner is split equally, another by exact amounts, and a repayment arrives while balances are being simplified. Storing only a group total loses who owes whom. Model expenses as immutable inputs and derive balances through replaceable split strategies. Difficulty:   Beginner |   Time:   30–40 minutes Design it yourself first — entities, classes, relationships — before reading past step 3. This page follows the  9-step approach  ../low-level-design/index.md the-9-step-approach-use-it-on-every-problem . 1. Problem Statement Design an expense-splitting system  think Splitwise . Users belong to groups. An expense is added by one user  the payer  on behalf of a set of participants, and is split among them — equally, by exact amounts, or by percentage. The system tracks who owes whom, and can produce a   simplified summary   of net balances — the minimum set of payments that settles all debts — rather than a raw list of every individual expense. 2. Requirements Functional  in scope : - Add a user to one or more groups - Add an  Expense : payer, amount, participants, and a split strategy  equal / exact / percentage - Maintain a running balance between every pair of users who have ever shared an expense - Show a user's net balance with each other user, and a group's overall balance sheet"
docs/lld-exercises/task-scheduler.md,definition/meta,1,0,1,0,"!!! example ""Hypothetical missed run"" A worker crashes after executing a task but before acknowledging it, while a recurring run becomes due. Marking the task complete too early loses work; retrying blindly duplicates side effects. Model schedule, lease, attempt, and idempotency boundaries. Difficulty:   Advanced |   Time:   45–60 minutes Design it yourself first — entities, classes, relationships — before reading past step 3. This page follows the  9-step approach  ../low-level-design/index.md the-9-step-approach-use-it-on-every-problem . 1. Problem Statement Design an in-process task scheduler. Callers submit tasks with a   priority   and/or a   scheduled execution time   — run now, run at a specific timestamp, or run after a delay. A fixed-size pool of worker threads executes submitted tasks concurrently. Among tasks that are currently eligible to run, higher-priority tasks execute before lower-priority ones. As a stretch goal, support   recurring   tasks that re-fire every N seconds until cancelled. This is the single-process version of the problem.  Distributed Job Scheduler  ../system-design-exercises/distributed-job-scheduler.md  covers the same idea at the system-design layer — leader election, leases, exactly-once execution across machines. Here, the constraint is purely about data-structure and concurrency correctness inside one process. 2. Requirements Functional  in scope : -  submit task, priority, run at=None, delay=None   — schedule a task for immediate or future execution at a given priority - A fixed-size worker pool   N  threads  pulls and executes tasks - Among tasks whose scheduled time has arrived, the highest-priority task runs next"
docs/lld-exercises/tic-tac-toe.md,definition/meta,1,0,1,0,"!!! example ""Hypothetical rule change"" The familiar 3×3 game suddenly needs an  N×N  board and  K  marks to win. Hard-coded row checks collapse under the first variation. Separate board state, move validation, player turns, and winning strategy. Difficulty:   Beginner |   Time:   20–30 minutes Design it yourself first — entities, classes, relationships — before reading past step 3. This page follows the  9-step approach  ../low-level-design/index.md the-9-step-approach-use-it-on-every-problem . 1. Problem Statement Design a two-player Tic Tac Toe game on an N×N board  default N=3 . Players alternate placing their symbol on an empty cell; the game detects a win  N in a row, horizontally, vertically, or diagonally  or a draw  board full, no winner , and rejects invalid moves. The board size should not be hardcoded to 3 — design so N is a parameter, and so a future ""Connect 4""-style variant  bigger board, win condition is K-in-a-row where K < N, not ""fill the whole row""  is a plausible extension, not a rewrite. That constraint is what makes this an actual LLD problem: the naive approach — after every move, rescan every row, column, and both diagonals for N-in-a-row — is O N  per move and gets worse as the board grows for the Connect-4 variant, where you'd otherwise rescan windows across the whole board. A good design instead maintains running counters that make the win check after each move O 1 , independent of N. 2. Requirements Functional  in scope : - N×N board, N configurable at game construction  default 3 - Two players, alternating turns, each with a distinct symbol   X  /  O - Reject a move on an occupied cell, an out-of-bounds cell, or a move made after the game has ended"
docs/lld-exercises/vending-machine.md,mixed,2,1,1,0,"!!! example ""Hypothetical vend failure"" A customer inserts money, selects the last item, and the dispenser jams after inventory is reserved. Returning change, restoring stock, and preventing a second selection require explicit states—not a long chain of conditionals. Difficulty:   Intermediate |   Time:   35–45 minutes Design it yourself first — entities, classes, relationships — before reading past step 3. This page follows the  9-step approach  ../low-level-design/index.md the-9-step-approach-use-it-on-every-problem . 1. Problem Statement Design a vending machine. It has a fixed set of slots, each holding one product at one price with some remaining quantity. A user selects a slot, inserts money  coins or bills; card payment is a stretch goal , and the machine either dispenses the product and returns any change owed, or rejects the transaction and refunds what was inserted. The one rule that overrides every other design decision:   the machine must never dispense a product without having been paid in full, and it must never accept and keep payment without either dispensing the correct product or refunding the money. 2. Requirements Functional  in scope : - A fixed number of slots, each with a product, a price, and a remaining quantity - Accept coins/bills of standard denominations, tracked as running inserted total - Select-then-pay flow: select a slot, insert money, dispense once inserted total ≥ price - Return correct change  inserted total − price  using available denominations in the machine's coin reserve"
docs/low-level-design/concurrency-basics.md,scene/hook,3,1,1,1,"!!! example ""Hypothetical race"" Two workers read inventory  1 , both decrement, and both confirm an order. Each line is correct in isolation; the interleaving is not. Make the invariant and atomic boundary visible before choosing a lock or optimistic retry. Why This Exists A single-threaded  ParkingLot.park vehicle    that checks a spot is free and then marks it occupied works perfectly in every demo and fails the first time two threads  two entry gates, two API requests  call it at the same moment.   Concurrency correctness is invisible in a single-threaded walkthrough and is exactly what a Senior/Staff interviewer probes for once your class design looks clean.   This is step 9 from the  9-step approach  index.md  — the step candidates skip because the design ""already works."" !!! tip ""Mental model"" Every concurrency bug in an LLD interview reduces to the same shape:   two threads observe a shared state, both decide based on what they observed, and the state changes between the observation and the action.   ""Check-then-act"" without atomicity is the pattern to hunt for in your own design before the interviewer finds it. Threads and Shared State A thread is an independent path of execution within a process; multiple threads in the same process share memory — including the objects your LLD design created. That sharing is the entire source of concurrency bugs: two threads can read and write the same  ParkingSpot  instance simultaneously. count += 1  looks like one operation; it is read-modify-write. Two threads interleaving those three steps can both read  0 , both compute  1 , both write  1  — one increment is lost. Race Conditions A race condition is any outcome that depends on the unpredictable timing/interleaving of concurrent operations. The parking lot version: Check-then-act     is free    then  occupy     is not atomic unless you make it so. The fix is collapsing the check and the act into one operation the runtime guarantees is indivisible:"
docs/low-level-design/concurrency-execution-models.md,scene/hook,3,1,1,1,"Why This Exists Mainstream runtimes repeatedly use a small set of execution models because they're solving the same underlying problems — not because any one language invented them. Java has  ExecutorService ,  ForkJoinPool , virtual threads, and asynchronous APIs. Go has a built-in goroutine scheduler. .NET has the thread pool and  Task ; Python has  ThreadPoolExecutor  and  asyncio ; Kotlin has coroutines; Node.js has the event loop plus a small worker-thread pool.   The names differ, but the important questions transfer: what is being scheduled, how many OS threads execute it, and what happens when code waits or blocks?   Knowing those properties, not just one language's API, is what lets you answer ""how would you handle this in Go"" when everything you've built has been in Java. Three Core Thread-Oriented Shapes -   General-purpose thread pool.   A fixed  or bounded, growable  set of OS threads pulling tasks off a shared queue. Simple, predictable, and the default building block for ""run this asynchronously"" in most languages — Java's  ExecutorService , Python's  ThreadPoolExecutor , .NET's  ThreadPool , C++'s common thread-pool patterns. Every worker is a real OS thread — expensive to create  megabyte-scale stack, kernel scheduling overhead , so the pool size is capped and reused rather than spun up per task. -   Work-stealing pool.   Built specifically for divide-and-conquer, recursive parallel work — split a big task into subtasks, and let idle workers ""steal"" queued subtasks from busy workers' local queues instead of sitting idle waiting for the shared queue. Java's  ForkJoinPool , Rust's  rayon , .NET's parallel LINQ, and the scheduler underneath Go's goroutines  partially  all use this shape. It shines specifically when task sizes are uneven — a naive fixed-worker pool leaves some workers idle while one worker grinds through a large subtree; work-stealing rebalances that automatically. -   Lightweight / green threads.   Thousands to millions of user-space ""threads"" multiplexed onto a smaller number of real OS threads  often called carrier threads . The runtime scheduler — not just the OS kernel — decides which lightweight thread runs on which carrier. With scheduler-aware I/O, a blocked lightweight thread can be unmounted or parked while its carrier runs other work. This lets ordinary blocking-style code scale to high concurrency in runtimes such as Java virtual threads and Go goroutines. This category is distinct from stackless async tasks and coroutines: Python  asyncio , Node.js callbacks, Rust futures, .NET  Task , and Kotlin coroutines yield at suspension points; ordinary blocking code still blocks an executor or event-loop thread. Comparison | Aspect | General-Purpose Pool | Work-Stealing Pool | Lightweight Threads | |---|---|---|---| |   Primary use case   | Run independent asynchronous tasks — I/O calls, background jobs | Recursive, divide-and-conquer, CPU-bound parallel computation | Massive concurrency, especially I/O-bound or blocking-heavy workloads | |   Unit scheduled   | Real OS thread per worker | Real OS thread per worker | User-space thread; many per one real OS  carrier  thread | |   Cost to create one   | High — real OS thread, ~1 per unit of pool size | High — same as above | Very low — often kilobytes, not megabytes; millions are feasible |"
docs/low-level-design/design-patterns.md,scene/hook,3,1,1,1,"!!! example ""Hypothetical change request"" Checkout gains a second payment provider and every caller grows another conditional. A Strategy earns its place by isolating that variation; naming the pattern before finding the pressure would only hide the coupling. Why This Exists There are 23 patterns in the Gang of Four book and roughly six that show up repeatedly in LLD interviews, because they map directly onto the requirement phrases interviewers actually write: ""support multiple X,"" ""notify interested parties,"" ""construct a complex object step by step."" Naming a pattern the interviewer didn't ask for is the same mistake as naming CQRS on a 100-user system design problem  see  Architecture Patterns  ../architecture-patterns/index.md   — it shows recall, not judgment. !!! tip ""Mental model"" Read every pattern below as   pressure → pattern  , the same discipline as the architecture-patterns page. If you can't state the pressure in the problem statement, you haven't earned the pattern — you've decorated the design with vocabulary. Factory — ""Create the right subtype without the caller knowing which one"" Pressure:   object creation logic  which concrete class to instantiate  is scattered across the codebase, or depends on a runtime value the caller shouldn't have to branch on. What it buys:   one place to change when a new vehicle type is added, instead of every call site that constructs a  Vehicle  needing its own  if/elif .   What it costs:   an extra layer of indirection — for two subtypes that never grow, a factory is often unnecessary ceremony. Strategy — ""Swap the algorithm without touching the class that uses it"" Pressure:   a behavior needs multiple interchangeable implementations, selected at runtime — pricing rules, payment methods, sorting comparators. What it buys:    Ticket  never changes when a new pricing scheme launches — a new  PricingStrategy  subclass is the whole diff.   What it costs:   a class per variant; for one-off logic that will only ever have one implementation, this is over-abstraction."
docs/low-level-design/index.md,definition/meta,2,0,1,1,"Why This Exists System design  ../foundations/framework.md  asks ""how do a million requests survive a network partition.""   Low-level design asks a completely different question: given one machine and no scale pressure at all, is your code well-structured?   Can someone add a new payment method to your  PaymentProcessor  without editing five existing classes? Does your  ParkingLot  know too much about how a  Ticket  calculates its own fee? The two interviews fail candidates for opposite reasons. HLD punishes premature detail — drawing a class diagram before you've picked a database is a red flag. LLD punishes the opposite: staying abstract  ""I'd use a factory here""  without ever writing the class, the method signature, or the edge case that breaks it.   LLD is graded on code you actually produce  , not boxes you gesture at. !!! tip ""Mental model"" HLD asks ""where does the data live and how does it survive failure."" LLD asks ""who owns this decision, and what happens when a new requirement arrives — do you edit existing code, or add new code next to it?"" That second question is what SOLID  specifically Open/Closed  is actually testing, underneath the acronym. The Roadmap Skipping straight to step 5 is the most common failure mode. You cannot productively practice ""design a parking lot"" if you haven't internalized  why  a  Vehicle  base class with a  ParkingSpot.canFit vehicle   method beats a  switch  statement on vehicle type scattered across three classes — that judgment is steps 1–4. | Stage | Page | |-------|------| | 1. OOP Fundamentals |  OOP Fundamentals  oop-fundamentals.md  | | 2. SOLID + Design Basics |  SOLID Principles  solid-principles.md  | | 3. Design Patterns |  Design Patterns  design-patterns.md  |"
docs/low-level-design/oop-fundamentals.md,definition/meta,1,1,0,0,"!!! example ""Hypothetical change request"" A  Ticket  object calculates price, prints receipts, saves itself, and emails the buyer. One tax-rule change now touches persistence and delivery tests. Objects help when responsibilities and change boundaries become clearer—not because every noun deserves a class. Why This Exists Every LLD candidate can define ""encapsulation"" as ""hiding data."" Almost none can look at a  ParkingSpot  class with a public  is occupied  field being set directly from three different places and say  that's  the encapsulation violation costing you the interview. The definitions are not the skill.   The skill is recognizing the violation in code you're about to write, before the interviewer has to point it out. !!! tip ""Mental model"" Four pillars, one job each:   Encapsulation   protects invariants  an object controls its own state changes .   Abstraction   hides complexity behind a simple contract  you call  .pay   , you don't care how .   Inheritance   models genuine ""is-a"" relationships.   Polymorphism   lets calling code stay ignorant of which concrete type it's holding. The pillar that gets misused most in interviews is inheritance — reached for by habit when composition was the honest answer. Classes & Objects A class is a blueprint; an object is a specific instance with its own state. The interview-relevant nuance:   decide what state an object owns, and refuse to let other objects mutate it directly. Nothing outside  ParkingSpot  sets   occupied by  directly. That single decision is most of what ""good OOP"" means in an LLD interview — not the vocabulary. Encapsulation Bundling data with the methods that are allowed to change it, and refusing direct external mutation of internal state. The interview tell: a leading underscore or a property is not encapsulation by itself — encapsulation is real when   every state transition goes through a method that can enforce an invariant. !!! warning ""The violation that shows up in every LLD interview"""
docs/low-level-design/solid-principles.md,definition/meta,2,1,0,1,"!!! example ""Hypothetical change request"" A  Ticket  class prices, prints, persists, and notifies. Adding a new receipt format breaks database tests, and changing storage risks pricing. Follow this class through each SOLID pressure before learning the initials. Why This Exists SOLID is five letters candidates can recite and almost never apply under pressure. The reason: each principle sounds like a rule about code style, when it's actually a rule about   where the pain shows up when a requirement changes.   Learn them as ""what breaks and why,"" not as definitions, and you'll recognize a violation while you're writing the code instead of after the interviewer asks ""what if we add a new payment type?"" !!! tip ""Mental model"" Four of the five letters are really one idea wearing different clothes:   don't make a class know about, or depend on, more than it has to.   SRP limits what a class does. ISP limits what it's forced to implement. DIP limits what it depends on directly. OCP is the payoff: if the other three are done, adding behavior means adding a class, not editing one. S — Single Responsibility Principle A class should have one reason to change. Not ""one method"" —   one axis of change. A pricing-model change, a receipt-format change, and a storage-engine swap are three unrelated reasons this one class gets edited — and three unrelated teams stepping on the same file. !!! warning ""SRP is not 'small classes'"" Splitting a class into ten tiny pieces that all change together for the same reason is not SRP — it's fragmentation with extra steps. SRP is about reasons to change, not line count. O — Open/Closed Principle"
docs/messaging/index.md,scene/hook,3,1,1,1,"1 producer → 1 partition → 1 consumer works until it does not. Why This Exists A queue is how you say   ""this does not have to happen right now."" When a user uploads a video, the synchronous path — transcode to five resolutions, generate thumbnails, run moderation, notify followers — takes four minutes. Nobody waits four minutes for an HTTP response. So you accept the upload, drop a message on a queue, return  202 Accepted  in 50 ms, and let workers do the slow part. That single move buys you three things at once: -   Latency  : the user gets a response immediately. -   Buffering  : a traffic spike queues up instead of knocking over the transcoder. The queue absorbs the burst. -   Decoupling  : the transcoder can be down for ten minutes and nothing is lost — work resumes from the backlog. And it costs you one thing that shows up in every interview follow-up:   the system is now eventually consistent, and you must design for messages arriving twice, out of order, or much later than you expected. Mental Model The queue turns a   failure   into a   delay  . That is the whole value proposition, and also the whole risk: delays are invisible until someone measures them. An unmonitored backlog is an outage nobody has noticed yet. Queue vs Log — The Distinction People Get Wrong"
docs/messaging/kafka-internals-pulsar-comparison.md,definition/meta,2,0,1,1,"Why This Exists You know Kafka works. But when you're designing a system, you need to know: 1.   How does Kafka actually guarantee order and durability?    answer: in-sync replicas + leader 2.   What breaks during a rebalance?    answer: eager rebalances stop group consumption; cooperative rebalancing reduces that disruption; latency still spikes for moved partitions 3.   Can you get exactly-once semantics?    answer: yes, but read carefully 4.   What is consumer lag, and why does it matter?    answer: it's the outage metric 5.   When is Kafka wrong for this job?    answer: when you need multi-tenancy, or Pulsar's scaling model This page teaches the internals, the failure modes, and the Pulsar alternative. Part 1: Kafka Internals — How It Actually Works In-Sync Replicas  ISR : The Source of Truth Every partition has   N replicas   distributed across N brokers. One is the   leader  ; the rest are   followers  . The   ISR   is the subset of replicas that are fully caught up:   ISR ⊆ replicas  . A lagging follower is still a replica; it is   not   in the ISR until it catches up. The ISR guarantee:   A message is considered   committed    durable  only after:"
docs/messaging/kafka.md,definition/meta,2,0,1,1,"Why This Exists Start with a simple problem:   1 producer → 1 topic → 1 consumer, 10 MB/s  . Works perfectly. Now: what happens at   500 MB/s  ? A single consumer can't keep up. You need to parallelize consumption. But you can't just add random consumers — you'd process the same messages multiple times or miss messages. This is why Kafka has   partitions   and   consumer groups  . Mental Model Key rules: 1. Each partition is consumed by   exactly one consumer   within a group at a time 2. The Kafka   log   within a partition is an ordered append sequence 3. Messages across partitions have no global order 4. Consumer processing and end-to-end side effects are not automatic log-order guarantees 5. More consumers than partitions → some consumers are idle"
docs/messaging/patterns.md,definition/meta,1,0,0,1,"Why This Exists Start with the simplest possible async system:   one producer writes a message, one consumer reads it, does the work. That works until any of these show up: Kafka  or SQS, or RabbitMQ  doesn't solve these for you — the  pattern  you build on top does. This page is the vocabulary and the patterns that apply whether you're on Kafka, SQS, RabbitMQ, or Google Pub/Sub. See  Kafka Deep Dive  kafka.md  for how one specific broker implements partitions and consumer groups underneath these patterns. !!! tip ""Mental Model"" Every messaging problem is answered by three questions:   who gets the message    one consumer or many? ,   what happens when a consumer fails    retry, or dead-letter? , and   what does ""delivered"" promise    at-most-once, at-least-once, or effectively-exactly-once? . Get the answers explicit before you draw a queue. Abstraction Levels === ""Mental Model"" A queue is a buffer and a contract: who receives, what retry means, and whether ""processed"" is the same as ""appended."" === ""Interview Simplification"" ""At-least-once plus idempotent consumers; DLQ for poison; outbox so DB commit and publish don't split."" The right default sentence. === ""Production Reality"""
docs/messaging/pulsar-primer.md,definition/meta,0,0,0,0,"Why This Exists You've decided Pulsar might be right for your use case. This page answers:   How do you actually run it?   What does the architecture look like on day one, how do you configure multi-tenancy, what operational tasks are different from Kafka, and what are the gotchas? This is not Pulsar marketing. This is what you need to know to operate it in production. Architecture at a Glance Key difference from Kafka:   Brokers are   stateless  . All data lives in BookKeepers. This means: - Add a broker = instant  no data rebalancing - Remove a broker = no cascading effect - A broker restart = clients reconnect, no rebalance Setup: Minimal Cluster Local Development  Docker Production Cluster  3 nodes minimum Ensemble/Quorum explanation     Qa ≤ Qw ≤ E  :"
docs/networking/grpc-http-k8s-load-balancing.md,definition/meta,2,1,0,1,"!!! example ""Hypothetical incident"" A Kubernetes Service balances one long-lived HTTP/2 connection to a single pod while its siblings sit idle. Request-level load balancing never gets a chance to act. Trace connection lifetime and stream multiplexing before choosing where balancing belongs. Why This Exists You've chosen your protocol  HTTP, gRPC, HTTP/2 . Now you deploy it. In development, everything works. In production, 80% of traffic goes to one backend and that backend is now the bottleneck. This page explains why it happens and how to fix it. The root cause is almost always   connection pooling + load balancer + service discovery   interacting in ways nobody expected. Part 1: Connection Model Fundamentals Streams multiplex onto one connection; connections pin to one backend. HTTP/1.1 spreads load because it opens several connections. HTTP/2 and gRPC concentrate load because they deliberately reuse one — that's the root of the hotspot problem this page works through. HTTP/1.1 Key properties: - ✓ Traffic distributed  pooling across N backends - ✓ Connection setup cost amortized  connection reused - ✗ Pool size must match concurrency  if 1000 concurrent requests, need pool size ≥ 1000"
docs/networking/http-tcp.md,scene/hook,3,1,1,1,"!!! example ""Hypothetical incident"" The API is “slow,” application traces are empty, and the client spends two seconds before sending HTTP bytes. DNS, connection establishment, TLS, and pooling each own a different interval. Locate the missing time before tuning the server. Why This Exists A user types  https://api.shop.com/orders . Twenty things happen before your handler runs. Interviews  and incidents  fail when someone says ""the API is slow"" without knowing   which hop   — DNS cache, SYN drop, TLS, HTTP/1.1 head-of-line, LB idle timeout, or the app. This page is the path:   browser → DNS → TCP → TLS → HTTP → LB → backend  , and the failure modes hiding in each acronym. !!! tip ""Mental Model"" IP is the postcard address. UDP is dropping the postcard in a mailbox. TCP is a phone call: you both agree you are talking  handshake , you number every sentence  seq , you repeat yourself if the other person says ""what?""  ACK / retransmit , and you hang up politely  FIN  or slam the phone  RST . HTTP is the  conversation  you have once the call is up. HTTP/2 is several conversations on one call. HTTP/3 is the same conversations, but the ""call"" is QUIC over UDP so a lost packet does not mute every other sentence. Abstraction Levels === ""Mental Model"" IP addresses a host, TCP turns unreliable packets into a reliable ordered byte stream, TLS encrypts it, and HTTP is the request/response conversation riding on top. === ""Interview Simplification"" ""HTTP/2 multiplexes requests over one TCP connection; HTTP/3/QUIC fixes head-of-line blocking by moving to UDP with independent per-stream delivery."" Accurate enough to state directly."
docs/networking/index.md,scene/hook,3,1,1,1,"The request path before your code: DNS, TCP, TLS, then the load balancer. Why This Exists Before a single line of your code runs, a request has already spent most of its life elsewhere: resolving a name, opening a connection, negotiating encryption, and being routed by a load balancer. This matters because   the slowest part of a fast request is usually setup, not work.   A handler that executes in 5 ms can sit behind 150 ms of DNS lookup, TCP handshake, and TLS negotiation. Optimizing the handler is then pointless — you are tuning 3% of the latency. It also matters because these layers produce the confusing incidents. ""The service is up and healthy, but 5% of users get connection errors"" is never an application bug. It is a connection pool, a keepalive timeout, a stale DNS entry, or a load balancer health check — and if you have no model of this layer, you cannot debug it. Mental Model: What a Request Actually Costs Cross-continent, that setup is ~300 ms against a 5 ms handler.   Warm   — DNS cached, connection pooled and kept alive — setup drops to roughly zero and the same request takes 5 ms. !!! tip ""This is why connection pooling is not a micro-optimization"" Reusing a connection eliminates 2 round trips per request. At 150 ms per RTT, pooling is a 60× improvement on the critical path — far larger than anything you will achieve inside the handler. The Three Things That Cause Real Incidents 1. Connection pool exhaustion.   Your pool holds 100 connections. A downstream dependency slows from 10 ms to 2 s. Now each connection is held 200× longer, the pool drains, and requests queue for a connection that never frees. Your service reports itself healthy while every request times out.   The pool size and the downstream timeout are a single coupled decision   — this is  Little's Law  ../foundations/math.md  in operational form: Nothing about your traffic changed — only the downstream got slower — and a pool sized correctly for 100 ms is 20× too small at 2 s. This is why timeouts are mandatory: an unbounded timeout means an unbounded pool requirement."
docs/networking/load-balancers-cloud.md,definition/meta,2,0,1,1,"!!! example ""Hypothetical incident"" TLS termination, WebSockets, and source-IP requirements arrive in one migration plan. Choosing by cloud product name hides the actual layer and connection behavior. Start with the packet and request properties, then map them to each provider. Why This Exists You have 1M QPS. You deploy behind AWS ALB. It works for a day, then starts dropping requests. Why? You hit ALB's throughput limit, not because the code is slow, but because the load balancer itself became the bottleneck. This page teaches the layer, throughput, and cost differences so you pick the right load balancer for your use case — not the one Marketing says is ""simpler."" The OSI Stack Matters | Layer | Name | Proxy | AWS | GCP | Azure | |-------|------|-------|-----|-----|-------| |   L3/L4   | Transport  TCP/UDP  | IPVS, HAProxy |   NLB   | TCP/UDP LB | Basic LB | |   L7   | Application  HTTP/HTTPS  | nginx, Envoy |   ALB   | HTTP S  LB | Application Gateway | |   L4 Ultra   | Extreme throughput | Maglev | — |   Cloud Load Balancer    internal  | — | Layer 4  NLB"
docs/networking/load-balancing.md,scene/hook,3,1,1,1,"!!! example ""Hypothetical incident"" All backends pass health checks, but one holds long requests and its queue grows while others idle. Round robin distributed requests, not work. The observed imbalance earns a policy that accounts for connection or latency state. Why This Exists You have three app servers behind  api.shop.com . Friday 19:12,   N0 dies  . Three questions interviewers  and 3 a.m. pages  actually ask: 1.   How does the load balancer know?   It does not. It only knows what its   health check   last observed — a failed TCP connect, a timeout, a non-200 on  /health , or a connection reset mid-request. 2.   What happens to in-flight requests?   They error. The LB cannot teleport those TCP connections to N1. The client sees a reset or a 502. If the request was   not idempotent  , a blind retry may double-charge. 3.   What about sessions stored in N0's memory?   They are gone. Sticky sessions  cookie or IP affinity  now pin the user to a corpse until the affinity expires or the LB forgets the dead member. A load balancer exists to hide a pool of backends behind one VIP. Everything interesting is what it does when the pool is   uneven, unhealthy, or stateful  . !!! tip ""Mental Model"" A nightclub bouncer with a clipboard. People  requests  arrive at one door. The bouncer picks a room  backend  using a rule. If a room's lights go out, the bouncer stops sending people — but only after the next walk-by. Anyone already inside is on their own. Abstraction Levels"
docs/networking/modern-protocols-service-mesh.md,mixed,2,1,1,0,"!!! example ""Hypothetical incident"" A retry policy copied into six clients multiplies traffic during one dependency failure. Moving policy to a mesh centralizes enforcement but adds another data and control plane to debug. Earn each layer from a named cross-service failure. Why This Exists HTTP/1.1 shipped in 1997. HTTP/2 in 2015. HTTP/3 is shipping now  2024 . gRPC is the modern inter-service protocol. Service meshes handle networking that was previously ""just TCP"" and invisible. Zero-trust means every network hop requires authentication and encryption. This page is what changed in networking from 2020 to 2025, and what you need to know about operating systems at that scale. Part 1: HTTP/3 and QUIC — The Modern Transport The Problem HTTP/2 Doesn't Solve HTTP/3 replaces TCP with QUIC  a custom transport layer on UDP . QUIC: The Key Insight Architecture: Performance Gains | Metric | HTTP/2 over TCP | HTTP/3 over QUIC |"
docs/networking/proxies-ingress.md,problem-led,2,1,0,1,"!!! example ""Hypothetical incident"" A request reaches the cluster but loops between an ingress rewrite and a service proxy until its deadline expires. Every hop claims the next one owns routing. Reconstruct the path and assign north-south and east-west policy deliberately. Why This Exists Forward proxy:   Client intentionally uses a proxy to hide their identity or route through a gateway. Reverse proxy:   Backend hides behind a proxy; client doesn't know it exists. Ingress:   How traffic  enters  a Kubernetes cluster. Egress:   How traffic  leaves  a cluster. Get these confused and you design architecture that cannot actually enforce policy. Forward Proxy vs. Reverse Proxy Forward Proxy  Client's Perspective Use cases: -   Corporate firewalls:   Employees' laptops must go through a corporate proxy to access the internet"
docs/networking/realtime-communication.md,scene/hook,3,1,1,1,"!!! example ""Hypothetical incident"" A dashboard needs server updates every second, while a payment partner only needs durable callbacks. Polling wastes traffic for one; a permanent socket complicates delivery for the other. Choose from direction, latency, connection lifetime, and retry ownership. Why This Exists Plain HTTP is request-response: the client asks, the server answers, the connection's job is done. That model breaks the moment the server needs to tell the client something  without being asked  — a chat message arriving, a price ticking, a background job finishing. Several patterns exist to bridge that gap, and they get reached for almost interchangeably in interviews  ""we'll use WebSockets"" as a reflex  when they actually have real, different server-side costs:   connection lifetime, how many of them a single server can hold open, and what that does to your load balancer.   This page is deliberately about that side — the backend mechanics of holding a connection open and pushing through it, not the client-side API surface. The Four Patterns, By Who Initiates and What Stays Open -   Long polling:   the client makes a normal HTTP request; the server just doesn't respond immediately — it holds the connection open until there's data to send  or a timeout , then the client immediately re-requests. It's real-time-ish HTTP request/response repeated in a loop, not a fundamentally different transport.   Server cost:   one held-open request per waiting client, same as any slow request — but at scale, that's a lot of threads or event-loop slots sitting idle-but-occupied, waiting for data that might not come for a while. -   Server-Sent Events  SSE :   one HTTP response, kept open indefinitely, over which the server streams a sequence of events as plain text   text/event-stream  . It's still plain HTTP under the hood — works through normal HTTP infrastructure, reconnects automatically on the client side per the spec, and browsers cap the number of concurrent SSE connections per origin.   One-directional only   — the server pushes, the client can't send anything back over the same connection  it goes back to normal HTTP requests for that . -   WebSockets:   starts as an HTTP request that upgrades the connection to a persistent, full-duplex TCP-like channel — both sides can send at any time, with much lower per-message overhead than repeated HTTP requests  no headers re-sent every message .   This is the only one of the four that's genuinely bidirectional over one connection  , which is why it's the default reach for chat and collaborative editing — but it's also the most expensive to hold at scale, and the hardest to route through infrastructure that assumes short-lived requests. -   Webhooks:   not a client-server real-time pattern at all — it's   server-to-server  , and it inverts who's the ""server"" in the usual sense. Service A registers a URL with Service B; when an event happens on B's side, B makes an outbound HTTP request  to  A. This is the standard pattern for third-party integrations  a payment provider notifying your backend that a charge succeeded  — no held-open connection on either side, just a normal request triggered by an event instead of a client action. The Backend Cost That Actually Decides This The question that should drive the choice isn't ""which feels more real-time"" — it's   how many connections does this hold open simultaneously, and what does your server/infra actually do with an idle-but-open connection. | | Connections held open per active client | Load balancer implication | Typical ceiling per server |"
docs/observability/debugging-playbook.md,scene/hook,3,1,1,1,"Audience:   on-call seniors |   Use:   war-room first 15 minutes, and interview “walk me through this outage” You do not start with a definition of p99. You start with a page that looks  almost  fine. A. Debugging High p99 The page:   p50 =   80ms  , p95 =   180ms  , p99 =   6s  . CPU 40%. Memory flat. Primary DB CPU 25%, no lock waits on the top query dashboard. Error rate 0.2%. Deploy was 40 minutes ago. Most of the traffic is healthy. A thin tail is in another universe. That is not “the service is slow.” That is   a subset of work taking a different path  . !!! abstract ""Mental Model"" p99 is a mixture. Either a rare code path  cold cache, one shard, one tenant, one downstream , or a   queue    pool, lock, GC, thread, TCP  that only the last requests sit in. Averages will lie. You need a dimension that separates the 6s from the 80ms. What do you inspect next? Not “add more pods.” Not “the DB is fine so it’s the network.” Walk this tree: === ""Pool exhaustion"" Why idle CPU + huge p99:   threads sit on  borrow    while the pool is at max. The pool dashboard — not host CPU — is the truth. Signals:    hikari.connections.active == max , Redis  connected clients ,  httpclient.pending , wait time    execute time on traces."
docs/observability/index.md,scene/hook,3,1,1,1,"You cannot debug what you cannot see. Start from the symptom, not the dashboard wallpaper. Why This Exists At 3 a.m. the page fires:   ""checkout p99 is 8 seconds.""   You have forty dashboards. Which do you open? Most engineers open the one they built, or the one they remember. They browse charts hoping something looks wrong, find a spiky graph, and start theorizing about it — usually the wrong graph, because in a system of any size  something  always looks spiky. Observability is not ""we have dashboards."" It is the property that   you can answer a question you did not anticipate  , without shipping new code. Monitoring tells you  that  something is broken; observability lets you find out  why  when the cause is something nobody predicted. The difference shows up precisely during novel incidents — which is to say, the ones that actually hurt. Mental Model: The Three Pillars Answer Different Questions They are a   funnel, not alternatives  . Metrics detect, traces localize, logs explain. Debugging that skips a stage is guesswork: reading logs before you have a trace means grepping millions of lines with no idea which service to grep. !!! tip ""The senior debugging move"" Start from the   symptom the user reported  , then walk down the funnel. Do not start from a dashboard you like. ""Checkout is slow"" → trace a slow checkout → find the hop → read that service's logs for that request ID. The One Thing That Makes Traces Work A trace is only useful if you can follow a single request across service boundaries. That requires propagating a   correlation ID   through every call — and this is where most homegrown setups fail:"
docs/observability/production-reliability-practices.md,scene/hook,3,1,1,1,"Why This Exists SLIs, SLOs, and error budgets   Observability  index.md sli-slo-and-error-budgets-quantifying-reliability   tell you  whether  you're meeting a reliability target. They don't tell you   what to do to actually hit it  : how do you find the failure modes you haven't seen yet, how do you know your system survives the load you're planning for before it actually arrives, and how do you turn an outage that already happened into a system that's less likely to have the next one? Three practices answer those three questions: Each is a discipline, not a one-time event — the whole point of all three is that they're   run repeatedly, on purpose, before reality forces the issue. Chaos Engineering: Breaking Things on Purpose, Safely The Core Insight Most production failures are combinations nobody tested: a deploy  during  a traffic spike  while  a downstream dependency is degraded. Unit tests and staging environments can't reproduce this — they test components in isolation, not the emergent behavior of a live system under real, correlated failure. Chaos engineering is the discipline of deliberately injecting failure into a system — usually production — to verify it degrades the way you believe it does, before an uncontrolled failure proves you wrong. The Loop Why  auto abort if  is not optional  : the entire point is learning safely. An experiment that can spiral into a real outage defeats its own purpose — chaos engineering earns trust by proving it can be stopped instantly, which is what lets you eventually run experiments in full production with real customer traffic instead of only in a safe copy. Blast Radius: Start Small, Expand Only With Evidence Interview signal  : ""Chaos engineering isn't 'randomly break things in prod' — it's the same scientific method as any experiment: a measurable steady state, a falsifiable hypothesis, a bounded blast radius with automatic abort, and a defined observation window. The blast radius only expands once smaller experiments build confidence — you don't start by testing your riskiest assumption on 100% of customers."""
docs/observability/testing-strategy.md,definition/meta,2,1,0,1,"Why This Exists The test pyramid — many unit tests, fewer integration tests, few end-to-end tests — was designed for a single deployable. In a distributed system, ""integration test"" stops meaning ""test how my modules interact"" and starts meaning ""test how  my service  interacts with  someone else's service , which they deploy independently, on their own schedule, without asking me."" That change breaks the pyramid's usual assumptions in a specific way:   you can't spin up every dependency's real implementation in a test environment, and a mock you wrote yourself will faithfully test against whatever you  believe  the dependency does — which silently diverges from what it actually does the moment either side changes. The interview signal here isn't ""do you write tests"" — it's whether the testing strategy accounts for the fact that   the biggest risk in a microservices system is the boundary between services, and that's exactly the boundary unit tests can't see and full end-to-end tests can't afford to cover exhaustively. The Pyramid, Redrawn for Services -   Unit tests   stay exactly as they were — fast, isolated, testing one function or class's logic. Nothing about distribution changes this layer. -   Integration tests   now mean ""my service plus the infrastructure  I own "" — my database, my cache, my message broker client — not another team's service. Spinning up a real Postgres in a test container is integration testing; spinning up another team's entire service  with  its  dependencies, recursively  is not integration testing, it's a fragile, slow imitation of production. -   Contract tests   are the layer that doesn't exist in the classic pyramid and is the actual fix for the cross-service risk — covered in detail below. -   End-to-end tests   run against a real  or close-to-real  deployed environment, exercising a full user journey across real services. Necessary for catching what nothing else can  a genuinely wrong end-to-end flow , but slow and prone to flakiness from causes that have nothing to do with the code under test  a flaky dependency, network noise, test-data pollution from another test  — which is exactly why they should be few and reserved for the highest-value journeys, not the primary safety net. Contract Testing: The Fix for ""My Mock Lied to Me"" The failure this solves is specific and common: Team A calls Team B's API. Team A writes tests against a mock of Team B's API, built from documentation or from reading Team B's code at the time. Team B changes their API — removes a field, changes a status code's meaning — and Team A's tests keep passing, because the mock never changed, only reality did.   The tests were green and the integration was broken; nobody found out until it broke in production. A contract test flips who's responsible for keeping the mock honest: The consumer  Team A  writes down what it actually expects from the provider — as a machine-checkable contract, not documentation that can silently drift. The provider  Team B  runs that contract against its  real  implementation as part of  its own  CI pipeline. If Team B's change breaks what Team A actually depends on,   Team B's build fails, on Team B's side, before the breaking change ships   — not weeks later when Team A's production traffic hits it. This is the consumer-driven contract testing pattern  Pact is the best-known open-source implementation , and its value is precisely that it moves the failure from ""silent production incident"" to ""loud CI failure owned by the party that caused it."""
docs/performance/cache-stampede.md,definition/meta,1,0,0,1,"Why This Exists Your cache is working perfectly — 99% hit rate, DB load is 1% of what it would be without the cache. Then a hot key expires. In the next millisecond, 1,000 clients all miss the cache simultaneously. All 1,000 send the same query to the database. The DB, previously handling 10 req/s, suddenly gets 1,000 req/s. It slows down. That makes the cache miss window longer, so more clients pile up. The DB crashes. All services depending on it fail. This is a   cache stampede    also called   thundering herd   . Mental Model Interactive Simulation <div class=""sim-container"" <div class=""sim-title"" 💥 Cache Stampede Simulator</div <div class=""sim-controls"" <button class=""sim-btn"" onclick=""document.getElementById 'strat-none' .click  "" Strategy: None</button <button class=""sim-btn success"" onclick=""document.getElementById 'strat-lock' .click  "" Strategy: Mutex Lock</button <button class=""sim-btn success"" onclick=""document.getElementById 'strat-jitter' .click  "" Strategy: Jitter</button"
docs/performance/cache-strategies.md,definition/meta,2,0,1,1,"Why This Exists ""We added a cache"" is not a design — a cache in front of a database is five genuinely different systems depending on  when  it's read and  when  it's written: Pick the wrong one and you get a bug class, not a feature: write-through where you meant write-behind gives you unnecessarily slow writes; write-behind where you meant write-through silently loses data on a crash. This page is the decision, not just the diagram. !!! tip ""Mental Model"" Every strategy answers two questions independently:   on a read miss, who loads the data — the app or the cache?   And   on a write, does the DB get updated before, after, or long after the cache?   Answer both and you've picked the strategy; the name is just a label for the combination. Naive System → What Breaks You bolt a cache in front of the DB with  if cache.get key : return; else: db.query   + cache.set    and call it done. | Naive assumption | What breaks | |---|---| | ""Cache-aside is the only pattern, just use it everywhere"" | Write-heavy workloads  counters, inventory  thrash the cache and hammer the DB on every write invalidation | | ""We'll evict with LRU, that's what everyone uses"" | A nightly batch job scans 10M rows once, evicts your entire hot working set — LRU can't tell ""scanned once"" from ""actually popular"" | | ""TTL of 5 minutes keeps things fresh enough"" | A price update at t+10s is invisible to users for up to 5 minutes — nobody decided that trade-off on purpose |"
docs/performance/fundamentals.md,definition/meta,2,0,1,1,"Why This Exists ""Why is this slow?"" is the most common production question, and the answer is almost never ""the algorithm is O n² ."" It's almost always one of: 1.   Thread exhaustion   — waiting for a thread that never becomes available 2.   Goroutine leak   — goroutines that   never return    blocked forever . Unbounded spawn is a different bug  load , not automatically a leak. 3.   Unbounded allocation   — every request allocates a map with 100k entries 4.   Synchronous logging   — each request waits for disk I/O to complete 5.   Lock contention   — a shared mutex that 1,000 goroutines are fighting over 6.   Kernel context switching   — too many threads thrashing the CPU 7.   Page cache misses   — reading 10GB of data forces eviction of your working set This page teaches the mental model of where bottlenecks actually live, how to find them, and what the trade-offs are when you fix them. Mental Model: Where Performance Actually Matters Fast code on a slow thread is still slow. The question:   what resource is actually saturated?"
docs/performance/index.md,scene/hook,3,1,1,1,"Caches hide load until they expire together. Averages hide outages. Why This Exists Two ideas in this section will change how you read a dashboard. The first:   a cache does not make your system faster — it makes your system  dependent . A 99% hit rate means your database is sized for 1% of traffic. That is a wonderful deal right up until the hit rate drops, at which point the database receives 100× its provisioned load and dies. Caches convert a performance problem into an availability problem, and most outages in cached systems are the cache misbehaving rather than the database being slow. The second:   your average latency is a lie. If p50 is 20 ms and p99 is 2 seconds, then one request in a hundred takes two seconds — and at scale, that is millions of users daily. Worse, a single page often makes dozens of backend calls, so the  user's  experience tracks your p99, not your p50. Averages are the most confidently wrong number on your dashboard. Mental Model: The Cache Is Load-Bearing The database was never sized for the real traffic. It was sized for the  miss  traffic — and the difference between those two numbers is your blast radius. !!! warning ""Ask this in every design"" ""What happens the moment the cache is empty?"" If the answer is ""the database falls over,"" you have not designed a cache — you have designed a single point of failure with good latency. Cold starts, deploys, and evictions all produce that moment. Why Percentiles Beat Averages The arithmetic is worth doing once, because it is genuinely counterintuitive: That last line is the punchline. A service with a ""healthy"" 1% slow rate, called 100 times to render one page, produces a slow page   63% of the time  . This is  tail amplification , and it is why microservice architectures feel slow even when every individual service reports good numbers."
docs/performance/tail-latency.md,scene/hook,3,1,1,1,"Why This Exists Dashboard:   CPU 40%, avg 95ms, error rate 0.1%.   Slack is on fire. Checkout ""takes forever."" You open percentiles: A 1k rps service produces   10 requests/s   that wait 6 seconds. That is 36,000 terrible checkouts per hour. Averages hid an outage because they are pulled by the 99, not named by them. If 2% of users abandon at 3s, that tail is not a graph — it is revenue. The SLO belongs on   p99  , not on mean. !!! tip ""Mental Model"" Latency is a   distribution  , not a number. The tail is where queues, locks, GC, and the slowest dependency live. Users and SLOs live in the tail. The mean lives in a slide deck. p50 = typical  ·  p99 = product  ·  max = somebody's lawsuit Naive System → What Breaks You SLO on   average latency   and scale when CPU   70%. | Reality | Why the average lied | |---------|----------------------|"
docs/playgrounds/failure-injection.md,definition/meta,2,0,1,1,"Use the sims that already live on host pages   docs/assets/js/simulations.js  . Do   not   treat this as a game. For each row:   predict   what fails first and why,   then   press the control,   then   explain the log line. Full index of canvases:  Playgrounds  index.md . Several have a real-process twin in  Labs  ../labs/index.md . !!! warning ""Protocol"" Write the prediction down  one sentence + which metric moves . If the screen surprises you, the mental model is wrong — re-read the host page before the next task. Hot partitions | | | |---|---| |   Open   |  Kafka  ../messaging/kafka.md  — Partition & consumer group simulator | |   Change   | Start producer. Then   Hot key  . | |   Predict   | Which consumer’s lag grows? Do extra consumers help? Why is parallelism still  min consumers, partitions  ? | |   Fails first   | Partition 0 / C0 saturates; other partitions look healthy. Adding a consumer does nothing for a single hot partition. | |   Already wired   |  KafkaSimulator.setHotKey true   — button   Hot key  . |"
docs/playgrounds/index.md,mixed,2,0,1,1,"Simulations live on the   host concept page  , next to the failure they illustrate. This hub does not duplicate canvases. Read the mental model, predict the log line, then press the dangerous button. Structured drills  hot partitions, replica loss, latency, packet loss, hot keys, …  on these same canvases:  Failure-injection tasks  failure-injection.md . | Simulation | What you learn | Host | |------------|----------------|------| | Consistent hashing ring | Add/remove a node; only a slice remaps |  Consistent hashing  ../databases/consistent-hashing.md  | | Quorum replication | RF, W/R quorum, kill/heal nodes, latency spike → availability, write success, staleness |  Replication  ../distributed-systems/replication.md  | | Database sharding | Hash shards, 70% hot key, reshard cost |  Sharding  ../databases/sharding.md  | | Kafka partitions & groups | Parallelism = partitions; extra consumers idle; kill → rebalance |  Kafka  ../messaging/kafka.md  | | Cache stampede | Hot key expires; lock / jitter / SWR |  Cache stampede  ../performance/cache-stampede.md  | | Cache capacity | Working set vs. cache size vs. TTL → hit rate, DB QPS, stampede size |  Cache strategies  ../performance/cache-strategies.md  | | Rate limiter | Token bucket vs windows; burst → reject |  Rate limiting  ../reliability/rate-limiting.md  | | Load balancer | RR / weighted / least-conn / hash; dead backend |  Load balancing  ../networking/load-balancing.md  |"
docs/reference/calculators.md,definition/meta,1,1,0,0,"Back-of-envelope math is not decoration. It is how you decide whether the first design is a laptop Postgres or a sharded cluster — before you draw Kafka. This hub hosts the same   capacity   inputs used in requirements estimation   cap-dau  and friends  plus   Little's Law   and   availability   budgets. Capacity estimator Fermi numbers, not a quote from procurement. Change DAU, requests/day, peak factor, payload, replication. Read the flags: they tell you which bottleneck appears first. <div class=""sim-container"" <div class=""sim-title"" Capacity estimator</div <div class=""cap-grid"" <label DAU <input id=""cap-dau"" type=""number"" value=""10000000"" </label <label Req / user / day <input id=""cap-rpd"" type=""number"" value=""20"" </label <label Peak × average <input id=""cap-peak"" type=""number"" value=""8"" </label <label Read % <input id=""cap-readpct"" type=""number"" value=""90"" </label <label Payload bytes <input id=""cap-payload"" type=""number"" value=""2048"" </label"
docs/reference/cheat-sheets.md,scene/hook,3,1,1,1,"Reference material, not teaching material. For the ""why,"" follow the links into the concept pages. For the ""what do I say in the next five minutes,"" this page. System Design Interview Checklist Work the steps in order. Naming a database before you have a requirement is the single most common way to lose a system design round. |   | Step | What to actually do | Time budget  45 min round  | |---|------|----------------------|------------------------------| | 1 |   Clarify requirements   | Functional  what does it do  + non-functional  consistency, latency, availability targets . Ask about read/write ratio, scale, and what ""correct"" means for this domain. | 5 min | | 2 |   Estimate scale   | Back-of-envelope: DAU, QPS  avg + peak , storage/day, bandwidth. See  Calculators  calculators.md . This decides whether a naive single-node layout is still a safe default — not that sharding is mandatory. | 5 min | | 3 |   High-level design   | Draw boxes: client → LB → services → data stores. Get one end-to-end request working on the whiteboard before going deep. | 10 min | | 4 |   Deep dive   | Pick 1–2 components the interviewer cares about  usually the data model, the hot path, or a specific trade-off  and go deep — schema, algorithm, concurrency. | 15 min | | 5 |   Identify bottlenecks   | Say the number out loud: ""at this QPS, a conventional single-primary path is a hypothesis to benchmark, not a known ceiling."" Name the first pressure, not the tenth box. | 3 min | | 6 |   Discuss trade-offs   | CP vs AP, SQL vs NoSQL, sync vs async — justify with the requirements from step 1, not with defaults. See the  Trade-off Matrix  tradeoff-matrix.md . | 5 min | | 7 |   Wrap up   | Summarize the design, name what you'd do differently with more time  monitoring, DR, cost , and flag known gaps. | 2 min |"
docs/reference/glossary.md,definition/meta,2,0,1,1,"One or two sentences each, matching how the concept pages use the term. Where a full page exists, it's linked in the ""See also"" column — go there for depth. A | Term | Definition | See also | |------|------------|----------| |   ACID   | Atomicity, Consistency, Isolation, Durability — the transaction guarantees a traditional relational database provides. Contrast with BASE. |  SQL vs NoSQL  ../databases/sql-vs-nosql.md  | |   At-least-once delivery   | A message may be delivered more than once but is never silently dropped. Requires idempotent consumers. |  Kafka Deep Dive  ../messaging/kafka.md  | |   At-most-once delivery   | A message is delivered zero or one times — never duplicated, but may be lost. |  | |   Availability   | The fraction of requests that receive a non-error response, usually expressed as ""nines""  99.9%, 99.99% . |  CAP Theorem  ../distributed-systems/cap-theorem.md ,  Calculators  calculators.md  | B | Term | Definition | See also | |------|------------|----------| |   BASE   | Basically Available, Soft state, Eventually consistent — the looser guarantee model typical of AP/NoSQL systems, contrasted with ACID. |  SQL vs NoSQL  ../databases/sql-vs-nosql.md  |"
docs/reference/index.md,mixed,0,0,0,0,| Page | Status | |------|--------| |  Calculators  calculators.md  | First release | |  Cheat sheets  cheat-sheets.md  | First release | |  Glossary  glossary.md  | First release | |  Trade-off matrix  tradeoff-matrix.md  | First release | Playgrounds  ../playgrounds/index.md  lists every working simulation.
docs/reference/tradeoff-matrix.md,definition/meta,1,0,1,0,"These tables are a memory aid, not the argument itself — each one is a compression of a full concept page. Reach for a page when you need the reasoning behind a row, not just the row. Consistency Models | Approach | Latency | Availability | Complexity | Use When | |----------|---------|--------------|------------|----------| |   Strong / linearizable   | Highest  coordination on every op  | Lowest during partitions  must reach quorum  | Low to reason about, high to implement | Financial balances, inventory counts, config/coordination — see  CAP Theorem  ../distributed-systems/cap-theorem.md  | |   Sequential   | High | Reduced during partitions | Medium | Systems needing a global order without real-time recency  e.g. some log-based systems  | |   Causal   | Medium | Higher than strong | Medium-high  vector clocks / dependency tracking  | Collaborative apps, comment threads — ""replies after the post they reply to"" | |   Session  read-your-writes, monotonic reads    | Low-medium | High | Low-medium | The practical middle ground most products actually need | |   Eventual   | Lowest | Highest | Low to implement, high to reconcile  conflict resolution  | Social feeds, shopping carts, DNS, caches — see  Consistency Models  ../distributed-systems/consistency-models.md  | Replication Strategies | Approach | Pros | Cons | Use When | |----------|------|------|----------|"
docs/reliability/backpressure.md,scene/hook,3,1,1,1,"Why This Exists A rate limiter answers ""is this caller allowed to send this much?"" A circuit breaker answers ""is it pointless to even try right now?"" Neither answers the question that shows up the moment a queue or a stream sits between a fast producer and a slower consumer:   the consumer is falling behind, and something has to give. What? That something is one of exactly two things: the  producer  slows down, or  some of the data  doesn't survive. There is no third option — a consumer that's structurally slower than its producer cannot process everything at the producer's rate no matter how the buffer between them is engineered.   Backpressure is the deliberate choice of which of those two you accept, made explicit, instead of discovering it by accident when a queue runs out of memory. Without that choice made explicitly, the default is an unbounded queue — and an unbounded queue doesn't remove the problem, it just converts ""the consumer is behind"" into ""the process is about to OOM,"" on a delay. Mental Model Every backpressure strategy is a specific answer to ""what happens when the buffer between these two is full,"" and the two families above are the only real answers. Everything else — which policy, which threshold, which signal — is detail on top of that choice. Lossy Backpressure: Drop Something, Keep Moving The buffer is bounded. When it's full, new work is dropped  or old work is evicted  rather than accepted and queued indefinitely. Where lossy backpressure is the right call:   high-volume telemetry, metrics, live video/audio frames, GPS pings — anywhere the  next  data point makes the lost one irrelevant, and where blocking the producer  a sensor, a video encoder, a real-time client  would be worse than losing a sample. A dropped metric point degrades a dashboard's resolution for one second; a blocked video encoder freezes the stream for everyone watching. The non-negotiable part:   a drop is silent by default. It has to be made visible — a  dropped total  counter, a sampling rate exposed to the consumer of the data — or you've traded an OOM crash for silent, undetected data loss, which is arguably worse because nobody gets paged for it. Lossless Backpressure: Slow the Producer Down The buffer is still bounded, but instead of dropping on overflow, the system signals the producer to stop or slow down until there's room. Nothing is lost; latency is what absorbs the mismatch instead."
docs/reliability/circuit-breakers.md,scene/hook,3,1,1,1,"Why This Exists Payments API calls Fraud. Fraud's p99 is 80ms. You set no timeout. Fraud's DB locks. Threads pile up. Payments p99 becomes ""however long Fraud is sad."" The fleet is   latched   to a dead dependency. You add retries: 3 retries =   4 attempts  , no backoff. Timeouts, backoff, jitter, then a   circuit breaker   — not as decoration, as the thing that stops you from murdering a recovering service. !!! tip ""Mental Model"" A fuse in a house. Closed: current flows. Too many faults:   open   — fail fast, lights out in  one room , house lives. After a cool-down,   half-open  : one probe. Success → close. Fail → open again. timeout bounds the wait  ·  retry is a loan  ·  breaker is the credit limit  ·  bulkhead is the room Abstraction Levels === ""Mental Model"" Retry a failed call, with backoff and jitter so retries don't sync up into their own wave; a circuit breaker stops retrying entirely once a dependency is clearly down. === ""Interview Simplification"" ""Add exponential backoff with jitter, cap retry count, add a circuit breaker."" Correct and sufficient as a first answer."
docs/reliability/failure-library.md,definition/meta,2,1,0,1,"Why This Exists Most engineers learn failure modes one incident at a time, over years, at whatever company happens to break in front of them. That's slow and it's biased toward whatever your stack does badly. This page is the shortcut: a catalog of the failure modes that recur across every distributed system, regardless of language or cloud provider, so you can   recognize the shape of a problem   before it finishes happening. This is not a deep-dive on any one mechanism —  Circuit Breakers  circuit-breakers.md  already does that for cascading failures. This is a field guide: symptom → root cause → mitigation, entry after entry, so that when a system starts behaving strangely at 2am  or in a system-design interview , you have a name for it and a shape for the fix. !!! tip ""How to use this page"" Don't memorize it front to back. Read it once, then come back when something smells familiar — ""this looks like a hot key"" or ""this feels like split brain"" — and confirm the mitigation. In interviews, naming the failure mode  and  its standard mitigation is what separates ""I've read about this"" from ""I've been paged for this."" Cascading Failures One component's distress becomes every component's distress. These are the failure modes where the  response  to a problem is what turns it into an outage. Thundering Herd Symptom:   A cache, lock, or resource expires/releases and every waiting client rushes it at the same instant, overwhelming the thing they were all waiting for. Root cause:   Synchronized wake-ups — a shared TTL, a shared cron schedule, a shared lock release — with no randomization in when clients act. Mitigation:   Jitter on expiry and retry  ""full jitter"" backoff , staggered cache TTLs, request coalescing  single-flight — only one request actually goes to the origin, others wait on it , and pre-warming caches before old entries expire. !!! example ""Incident narrative"""
docs/reliability/index.md,definition/meta,2,1,0,1,"Retries without a budget are an amplifier. Limiters and breakers are how you stay up. Why This Exists Here is the uncomfortable fact at the center of this section:   the mechanisms you add to survive failure are usually what turn a small failure into an outage. A database gets slow. Requests time out. Your client library helpfully retries three times. Now the struggling database receives 4× its normal traffic at the exact moment it can least afford it. It gets slower, so more requests time out, so more retries fire. The database dies — not from the original problem, but from your recovery logic. This is a   retry storm  , and it is the single most common way well-intentioned reliability engineering causes downtime. The lesson generalizes: under stress,  doing more  is usually wrong. Reliability is mostly about   doing less, deliberately   — shedding load, failing fast, and giving the dependency room to recover. Mental Model: Retries Multiply Load The database's problem was that it was overloaded. Your response quadrupled the load.   A retry is a decision to spend someone else's capacity   — and during an incident, that capacity is exactly what is scarce. !!! warning ""The rule"" Never retry without three things:   a cap   on attempts,   exponential backoff   so attempts spread out, and   full jitter    U 0, exp   as the default so clients do not synchronize. Missing any one recreates the storm. Attempts vs retries:   3 retries =   4 attempts  . If every try is a full call, that is   4× load  , not 3×. Why Jitter Is Not Optional Backoff alone is insufficient, and this surprises people. If a thousand clients all fail at the same moment and all back off by exactly 1 s, 2 s, 4 s — they retry   in perfect lockstep  , producing periodic spikes just as damaging as the original storm."
docs/reliability/rate-limiting.md,scene/hook,3,1,1,1,"!!! example ""Hypothetical overload"" One API key jumps to 40% of a 200,000 rps gateway. The application is healthy, but Redis—the shared limiter—crosses its latency budget and starts timing out. Failing closed turns the limiter into the outage; failing open exposes every backend. The design must bound one caller without making the enforcement point a new single point of failure. Why This Exists Without rate limiting: - One misbehaving client can exhaust server resources, degrading service for everyone - A DDoS attack can bring down your entire system - Runaway scripts can generate millions of API calls Rate limiting ensures   fairness    everyone gets their share ,   stability    the system doesn't overload , and   economics    you don't serve unlimited free requests . Mental Model Think of a rate limiter as a   token bucket   at the entrance of a nightclub. The club issues 10 tokens per second. Each person needs 1 token to enter. When tokens run out, people wait or leave. Architecture Interactive Simulation"
docs/reliability/single-points-of-failure.md,scene/hook,3,1,1,1,"Why This Exists Every outage retrospective eventually reaches the same sentence:   ""and there was only one of it.""   One database with no replica. One load balancer with no standby. One person who knew how to restart the payment service. A single point of failure  SPOF  isn't a bug — it's a design decision, usually made implicitly by never asking ""what happens when this dies,"" and it's the cheapest thing in this whole curriculum to find if you actually look for it before an incident does. The skill being tested — in an interview and in a real architecture review — is not ""do you know what SPOF means."" It's:   given this diagram, can you point at the one box whose failure takes the whole system down, before anyone else in the room does? !!! tip ""Mental model"" Trace every request path through your architecture. At each box, ask:   ""if this one instance disappeared right now, does the request still complete?""   If the honest answer is no, and there's exactly one of that box, you've found a SPOF. This is the same discipline as  failure analysis in the design framework  ../foundations/framework.md   step 11  — SPOF-hunting is that step applied specifically to ""how many of this do we have."" What Makes Something a SPOF A SPOF is any component or system whose failure stops the entire  or a critical  function — not because it's important, but because   there is no backup path around it. In the left diagram, every box is red because  every box  only has one instance — the load balancer, the web server, and the database are each a SPOF in their own right, and the system's actual availability is the   product   of all three, not the availability of the weakest one alone. In the right diagram, redundancy at each tier means one failure at any tier still leaves a healthy path from user to data. !!! warning ""Redundancy at one tier doesn't remove SPOFs at the others"" A common half-measure: teams add a second web server  cheap, stateless, easy  and stop, leaving one database and one load balancer. The system is still exactly as fragile as before for anything that touches the database or the LB — redundancy has to be evaluated   per component  , not as a property of ""the system"" in aggregate. Where SPOFs Actually Hide The obvious ones  one server, one database  get caught in any review. The ones that cause real incidents are usually less obvious:"
docs/security/authentication-authorization.md,definition/meta,1,0,0,1,"Why This Exists Two problems: 1.   Authentication:   How do I know you are who you claim to be? 2.   Authorization:   Now that I know who you are, what are you allowed to do? Get either wrong, and users see each other's data or transactions. The Model: AuthN → AuthZ TLS: Encrypting the Wire Problem:   An attacker on the network reads your password in plain text. Solution:   Encrypt the connection with TLS  Transport Layer Security . How TLS Works  Simplified Why Certificates Matter A certificate says: ""I am example.com"" and is signed by a trusted Certificate Authority  CA ."
docs/security/data-privacy-compliance.md,scene/hook,3,1,1,1,"Why This Exists Most security content on this site is about keeping attackers out. This page is about a different problem:   the data is already inside the system, legitimately, and the question is what the system is obligated to do with it   — where it can live, who can see it, and what happens when a user asks for it to be deleted. Getting this wrong isn't a breach in the traditional sense; it's a compliance violation  GDPR, CCPA, HIPAA, or a sector-specific regulation  that can carry real fines and, worse for a systems-design conversation,   is often architecturally expensive to retrofit   — a ""delete this user's data"" request that has to chase copies through twelve services, four caches, and a data warehouse is a design failure baked in months earlier when nobody asked ""where does this field end up."" The interview signal here isn't ""do you know GDPR"" — it's whether you treat data privacy as a   first-class architectural constraint, decided at design time  , the same way you'd decide a consistency model, rather than a legal-team checkbox applied after the system is built. Mental Model: Data Has a Lifecycle, Not Just a Location Every piece of personal data a system touches goes through:   collected → stored → replicated  caches, backups, read replicas, warehouses  → processed  analytics, ML training  → eventually deleted or retained past its useful life.   A compliance architecture has to answer the question at  every stage , not just at the database — a field that's correctly access-controlled in the primary database but freely copied into an analytics warehouse with no equivalent controls has not actually been protected, it's been protected in exactly one of its five locations. A ""delete my data"" request has to reach every one of those boxes, not just the primary database — this diagram is the actual scope of a right-to-erasure request, and most of the boxes past the primary DB are the ones teams forget until an audit or a real request surfaces the gap. PII Classification: Not All Fields Are Equal The first architectural decision is classifying data by sensitivity, because uniform treatment  ""encrypt everything the same way, log access to everything the same way""  is both wasteful and imprecise — it under-protects the highest-risk fields while adding friction to fields that don't need it. | Class | Examples | Typical requirement | |---|---|---| |   Direct identifier   | Name, email, government ID, phone number | Encryption at rest, access logging, subject to erasure requests | |   Sensitive/special category   | Health data, biometric data, precise location, financial account numbers | Everything direct identifiers require, plus often stricter access controls, separate storage, and explicit consent tracking |"
docs/security/index.md,definition/meta,2,1,0,1,"Security is not an afterthought — it's baked into every design. This section covers the primitives that appear in every interview: Why This Exists In interviews, security is often treated as a checkbox  ""we use HTTPS and store passwords hashed"" . But senior engineers reason about security like any other system property: threat model, trade-offs, failure modes. The questions you'll face: - ""How does a user prove they are who they say?"" - ""How do you prevent one user from seeing another's data?"" - ""If someone steals the database, what are they actually stealing?"" - ""Can a single credential compromise be contained, or does the whole system break?"" This section teaches the tools to answer them. Pages in This Section | Page | Status | |------|--------|"
docs/security/oauth2-oidc.md,scene/hook,3,1,1,1,"Why This Exists Authentication & Authorization Fundamentals  authentication-authorization.md oauth2-the-sign-in-with-protocol  covers OAuth2 at intro depth: click ""Sign in with Google,"" get redirected, come back with a token. That's enough to pass a foundation-level question. It is not enough to design or debug a real integration, because the intro version skips exactly the parts that break in production: - Which of OAuth2's five-ish grant types should you actually use, and why are two of them dead? - What is PKCE, and why did it move from ""mobile app nice-to-have"" to ""required for every public client""? - What's inside a JWT access token, and what specifically has to be checked before you trust it? - How do you revoke a token, and why is that harder than it sounds? - What's the difference between OAuth2 and OIDC — isn't OAuth2 already ""login with X""? The one-sentence distinction that resolves most confusion:   OAuth2 is an   authorization   protocol — it answers ""can this app act on my behalf against this API?"" It was never designed to answer ""who is this user?"" OpenID Connect  OIDC  is a thin identity layer bolted on top of OAuth2 that adds a standardized answer to that second question: the   ID token  . Most ""Sign in with X"" buttons you've used are OIDC, not bare OAuth2 — even though everyone calls it ""OAuth login.""   GitHub is a notable, concrete exception  : its standard user-facing ""Sign in with GitHub"" OAuth flow does   not   issue an  id token  at all — GitHub explicitly documents that its OAuth Apps and GitHub Apps flows don't currently support OIDC for user authentication. An app integrating ""Sign in with GitHub"" is doing bare OAuth2 and inferring identity by calling GitHub's  /user  REST API with the access token, exactly the pre-OIDC pattern described above — not receiving a signed identity assertion.  GitHub  does  support OIDC elsewhere — GitHub Actions issues OIDC tokens for workload identity, so a CI job can authenticate to AWS/GCP without a stored secret — but that's a completely different flow from ""a user signing into your app,"" and doesn't change the fact that GitHub's user-login OAuth flow itself is not OIDC.  The lesson: verify a specific provider actually issues an  id token  before assuming ""Sign in with X"" implies OIDC — Google and Microsoft do; GitHub's user-login flow doesn't. Mental Model: The Valet Key A valet key starts your car, but it won't open the trunk or the glovebox. You hand it to a stranger without handing over your house keys, your car's title, or unlimited access. The access token is the valet key: it grants a scoped, revocable capability. The ID token proves who the   user    resource owner  is — not who the valet/client is. It doesn't grant API access. Conflating the two  using an access token as proof of identity, or an ID token to call an API  is the single most common OAuth2/OIDC implementation bug."
docs/security/session-management.md,scene/hook,3,1,1,1,"Why This Exists HTTP is stateless by design — every request arrives with no memory of the last one. But almost every real application needs the opposite: ""this request and the last ten came from the same logged-in user."" That gap —   stateless protocol, stateful application need   — is what session management exists to bridge. Get it wrong in either direction and you get a real incident: - Session IDs that don't rotate on login →   session fixation  , an attacker pre-sets a victim's session ID before they authenticate. - Cookies without  HttpOnly  → one XSS bug anywhere on the site becomes full account takeover, because JavaScript can just read the session token and exfiltrate it. - A JWT-only design with no revocation path → a stolen token, a fired employee, or a compromised laptop stays valid until natural expiry, no matter what you do on the backend. - A single Redis session store with no replica → it goes down, and every logged-in user on the platform gets logged out simultaneously. None of this is exotic. It's the default failure mode if you pick a session strategy without understanding what you're trading away. Mental Model: The Coat-Check Ticket You hand your coat to a coat-check attendant. They give you a numbered ticket — the ticket itself is worthless, it's just a number. The  coat   your actual identity and permissions  stays in the back room. Every time you present the ticket, the attendant looks up that number in the back room and hands you your coat. A JWT is a different model entirely: it's not a ticket, it's a   notarized photograph of your coat that you carry yourself  . Anyone who checks the photo's signature can verify it's real without calling the coat-check counter at all — but if you drop that photo, whoever picks it up can wave it around as proof they own that coat until the photo's stamped expiration date, and there's no ""back room"" to revoke it from. Architecture: Sessions Across Multiple App Servers"
docs/security/threat-modeling.md,scene/hook,3,1,1,1,"Why This Exists Most security reviews happen the wrong way around: a design gets built, then someone asks ""is this secure?"" — a question too vague to answer.   Threat modeling   flips this: before  or while  you design a system, you systematically ask ""what could go wrong here, specifically, and what's the actual damage if it does?"" The output of threat modeling isn't ""secure"" or ""not secure"" — it's a   list of specific threats, ranked by how bad and how likely  , each with a decision: fix it, mitigate it, or consciously accept the risk. That list is what a senior engineer produces in a design review that a junior engineer doesn't. Step 1: Draw the System With Trust Boundaries You can't threat-model a system you haven't drawn. The critical addition beyond a normal architecture diagram is marking   trust boundaries   — every place where data crosses from one level of trust to another. Why boundaries matter more than the boxes  : an attacker doesn't care about your service names — they care about  where they can inject something unexpected . Every arrow crossing a trust boundary is a place where input must be validated, identity must be checked, and ""what if this is malicious?"" must be asked. Arrows  within  a trust boundary  say, two internal services that already mutually authenticate via mTLS per  Zero Trust Architecture  zero-trust-architecture.md   carry a different, lower level of required scrutiny — not zero, but different. Step 2: STRIDE — A Checklist So You Don't Rely on Memory Staring at a diagram and asking ""what could go wrong?"" tends to surface only the threats you already know about.   STRIDE   is a checklist that forces you through six categories systematically, so you catch the ones you wouldn't have thought of unprompted. | Letter | Threat | Question to ask at each trust boundary | |---|---|---| |   S   — Spoofing | Can an attacker pretend to be someone/something else? | ""Can I prove this request really came from who it claims to be from?"" | |   T   — Tampering | Can data be modified in transit or at rest without detection? | ""Can an attacker change this value and I wouldn't notice?"" |"
docs/security/web-vulnerability-classes.md,definition/meta,2,1,0,1,"Why This Exists Threat Modeling  threat-modeling.md  teaches the  process  for finding where a system is exposed — trust boundaries, STRIDE, attack trees. This page is the other half:   the specific, recurring vulnerability classes that process keeps turning up  , the ones with a name and a known fix, that show up in almost every real security review regardless of what system you're looking at. XSS and CSRF already get real depth elsewhere on this site —  Session Management  session-management.md  covers XSS token theft and cookie defenses,  OAuth2 & OIDC  oauth2-oidc.md  covers CSRF via the  state  parameter.   This page covers the three that don't have a home yet: SQL injection, SSRF, and CORS misconfiguration   — plus where WAF and DDoS mitigation actually fit, which is a narrower role than most candidates assume. The interview signal isn't ""can you name OWASP's list"" — it's whether you can explain the  mechanism  well enough to say why a specific fix works and a specific almost-fix doesn't. SQL Injection: Data and Code Sharing a Channel The mechanism, stripped to its core: a query is built by concatenating a string template with user input, so the input can inject new SQL rather than just filling a value. Why the fix actually works, not just ""looks safer"":   in a parameterized query, the driver sends the SQL template and the parameters as two separate things over the wire — the database parses the query structure  before  it ever sees the parameter values, so there's no point at which user input could be interpreted as SQL syntax. String-concatenating input and then trying to ""sanitize"" it  stripping quotes, escaping characters  is fighting the same battle from a weaker position — it's a blocklist against an open-ended set of encodings and edge cases  Unicode normalization, database-specific escape quirks , and blocklists are exactly the failure mode  threat modeling  threat-modeling.md  warns about: you're enumerating known attacks instead of removing the vulnerable channel. !!! warning ""ORMs don't automatically save you"" Most ORMs parameterize queries by default, which is why raw SQL injection is rarer than it used to be — but every ORM has an escape hatch for raw queries or dynamic  ORDER BY /table-name interpolation  you can't parameterize an identifier, only a value , and that escape hatch is exactly where injection bugs still show up in modern codebases. SSRF: Tricking the Server Into Making the Request Server-Side Request Forgery is different from most web vulnerabilities in a specific way:   the attacker isn't attacking the user, they're attacking the server itself, by getting it to make an HTTP request the attacker chooses. Any feature that fetches a URL on the server's behalf — an avatar-from-URL uploader, a webhook validator that ""pings"" the target URL, a PDF generator that renders a remote page — is a candidate. The attacker supplies a URL pointing at something the server  can  reach but the attacker  can't  reach directly: an internal admin panel with no auth because it ""trusts anything inside the VPC,"" or a cloud metadata endpoint that hands out credentials to whatever's asking from that instance, with no separate authentication of its own. Mitigation, layered  no single one is sufficient alone :"
docs/security/zero-trust-architecture.md,definition/meta,1,1,0,0,"Why This Exists For twenty years, the standard security model was:   build a strong perimeter  firewall, VPN , and trust everything inside it. Once an attacker is inside — a phished laptop, a leaked VPN credential, a compromised third-party library —   there is nothing left to stop them.   Internal services accept requests from ""inside the network"" with little or no additional verification. This is why breaches like Target  2013, HVAC vendor credentials → full network access  and countless ""lateral movement"" incidents happen: the perimeter is strong, but the interior is soft. Zero Trust's premise:   never trust a request because of  where it came from   inside vs. outside the network . Verify every request, every time, based on  who is making it  and  what they're allowed to do  — the same principle you already use for external API auth, now applied to every service-to-service call too. The Core Shift: Identity Replaces Location Perimeter Model Failure mode  : an attacker who compromises  any  internal machine — a build server, a forgotten test box, a contractor's laptop — inherits implicit trust for every internal service, with no additional barrier. Zero Trust Model Network location is now irrelevant.   Being on the corporate VPN gets you nothing on its own; every service still demands proof of identity and a policy check, whether the caller is in the next rack or on the public internet. Building Block 1: Service Identity via mTLS Zero Trust requires every workload to have a   verifiable identity  , not just users. This is done with mutual TLS  mTLS  — both sides present a certificate, not just the server. Why short-lived certificates  hours, not years  matter  : if a cert is compromised, the blast radius is bounded by its lifetime, not by how long it takes someone to notice and manually revoke it. This mirrors the short-lived-JWT-plus-refresh-token pattern from  Authentication & Authorization Fundamentals  authentication-authorization.md jwt-signed-tokens-that-clients-carry  — same idea, applied to machine identity instead of user identity."
docs/system-design-exercises/ad-serving.md,scene/hook,3,1,1,1,"!!! example ""Hypothetical budget race"" A campaign has ₹1,000 left when thousands of auctions run concurrently. Stale budget checks can overspend; serializing every bid misses the latency budget. Decide what must be exact online and what can reconcile afterward. Difficulty:   Senior → Staff |   Time:   60 minutes Cover each section and work it yourself first. Before every ""Version N"" reveal there is a  ???  box — commit to an answer before you open it. The value of this exercise is not the diagram; it's predicting  why  the previous version breaks. 1. Problem Statement Design the system that decides which ad to show when a page or app requests one. A publisher's page loads, hits an ad slot, and fires an ad request. Within a hard latency budget, the system must: find every advertiser campaign eligible to fill that slot  targeting match , run an auction among them, confirm the winner still has budget remaining, and return a single winning ad — all before the page finishes rendering. The defining constraint is not ""rank well."" It's that   three things must all be true inside single-digit milliseconds  : the auction must consider many eligible bidders, the winner's budget must be checked and reserved, and a response must go out — because the ad slot is rendering  right now , on a page the user is actively loading. Miss the window and the slot renders blank or falls back to a lower-value house ad; publisher revenue and user experience both degrade in real time. Contrast this with a recommendation system: recommendations optimize  relevance  — which items best match a user's taste — typically inside a 100–200ms budget, and getting a suggestion 2% less relevant costs nothing measurable. Ad serving optimizes an  auction  under a hard budget constraint with real money changing hands on every decision, inside a latency budget 10–20x tighter. A recommendation service that's briefly stale serves a slightly worse list. An ad system that's briefly wrong either overspends an advertiser's money  a billing incident  or underspends it  a broken promise to a paying customer  — and it has roughly 5-10ms to get the decision right, not 100-200ms. 2. Clarifying Questions ??? question ""What questions should you ask?"" -   Auction format:   First-price  winner pays their bid  or second-price  winner pays one increment above the runner-up ? -   Budget shape:   Daily cap only, or lifetime cap, or both? Can the advertiser set a pacing preference  spend evenly vs. spend fast ?"
docs/system-design-exercises/api-gateway.md,mixed,2,1,1,0,"Difficulty:   Senior |   Time:   60–75 minutes Cover the solution sections   and work through each step yourself first. This exercise assumes you've already designed a  Load Balancer  load-balancer.md  and a  Rate Limiter  rate-limiter.md  — the gateway composes both, plus routing, auth, and circuit breaking, into one edge tier. 1. Problem Statement Design an API gateway that sits in front of a set of backend microservices  orders, users, inventory, payments — pick your own decomposition . External clients  web, mobile, partners  talk only to the gateway; it authenticates the caller, routes to the correct backend service, enforces per-client rate limits, protects the fleet from unhealthy backends, and optionally aggregates multiple backend calls into one response for mobile clients. The gateway is now on the critical path of  every  request — treat its own availability as a first-class requirement, not an afterthought. 2. Clarifying Questions Practice asking these before designing: ??? question ""What questions should you ask?"" -   Client types:   Public third-party API, first-party mobile/web, or both? Different auth and rate-limit needs. -   Routing basis:   Path-based   /orders/   → order-service , host-based   orders.api.com  , or both? -   Auth model:   Who issues tokens? Does the gateway validate them, or forward to an auth service per request? -   Aggregation:   Do any endpoints need to fan out to multiple backends and merge responses  BFF pattern ? -   Protocol translation:   Does the gateway need to speak REST externally and gRPC internally?"
docs/system-design-exercises/architectural-subtraction.md,mixed,2,1,1,0,"Difficulty:   Senior / Staff |   Time:   30–45 minutes !!! note ""This exercise runs backwards"" Every other exercise in this section starts from nothing and earns each box. This one starts from a fully-built, plausible-looking architecture and asks you to defend deleting most of it. Both skills are senior-level — this one is rarer, and interviewers notice its absence: a candidate who only ever adds boxes hasn't shown they know what a box costs. 1. The Requirements - 5,000 daily active users - 20 requests/sec at peak - 200 GB total storage, growing slowly - Single region - 99.9% availability target  ≈ 8.7 hours of downtime/year is acceptable Hold these numbers in your head. Every component you evaluate below gets checked against them, not against what a large-scale system would need. 2. The Proposed Design This is what a candidate — or a real team, padding a design to look impressive — proposed for the requirements above:"
docs/system-design-exercises/assessment.md,scene/hook,3,1,1,1,"Use this rubric after you work an exercise with the solution covered. It is also how a reviewer should score a mock. !!! danger ""Do not require matching a reference architecture"" A candidate who draws “our” diagram from memory and cannot defend it   fails  . A candidate who draws a smaller system, names the bottleneck that would force the next box, and defends the trade-off   passes  . The pages in this folder are one viable evolution, not the answer key. Flagship exercises with a harder five-level self-check  Explain → Predict → Diagnose → Design → Defend :  URL shortener  url-shortener.md ,  Rate limiter  rate-limiter.md ,  Payment processing  payment-processing.md ,  WhatsApp  whatsapp.md . Apply the same five questions anywhere. Worked examples of the  voice  this rubric is listening for:  Reasoning transcripts  ../foundations/reasoning-transcripts.md . Rubric Score each row   0 / 1 / 2  . Total /16. Passing mock:   11+   with no zero on bottleneck, failure modes, or tradeoff defense. | Score | Meaning | |------:|---------| | 0 | Skipped, generic, or wrong in a way that would ship an outage | | 1 | Present but shallow  lists tools, does not connect to  this  workload  | | 2 | Specific to the requirements, with a number or a named failure |"
docs/system-design-exercises/autocomplete.md,mixed,2,1,1,0,"Difficulty:   Senior |   Time:   60–75 minutes Cover the solution sections   and work through each step yourself first. Use ""Hint"" tabs if stuck. Practice explaining out loud — the way you communicate matters as much as the solution. 1. Problem Statement Design a search-box autocomplete  typeahead  service like Google Search suggestions. As a user types into a search box, the service returns the top-K most likely completions of what they're typing, updated on every keystroke, fast enough to feel instantaneous. 2. Clarifying Questions Practice asking these before designing: ??? question ""What questions should you ask?"" -   Scale:   How many distinct queries does the system see historically? How many keystrokes/second at peak? -   Latency:   What's the target — this is a per-keystroke UX feature, so how tight is ""fast""? -   Freshness:   Do suggestions need to reflect trending queries within minutes, or is daily/hourly refresh acceptable? -   Personalization:   Are suggestions global  same for everyone  or personalized per user  search history, location ? -   Ranking signal:   Is it pure frequency, or do we weight by recency, click-through, or business rules  e.g., boosting certain results ?"
docs/system-design-exercises/capstone-scaling-journey.md,definition/meta,1,0,0,1,"Difficulty:   Staff |   Time:   2–3 hours  or one stage per sitting !!! note ""This is the academy's exit exam"" Every other exercise here designs one system at one scale. This one is the doctrine of the whole academy compressed into a single walkthrough:   start simple, estimate load, predict the bottleneck, observe failure, choose the minimal mechanism, name the new failure modes it introduces, measure the operational cost, and defend what you didn't add.   If you can do this five times in a row without reaching for a component you can't justify, you're ready for a Staff-level design interview. The Product A blogging platform. Users write posts, other users read and comment on them. Deliberately boring — the point is not the product, it's the discipline of only adding what the numbers force. Fixed at every stage:   posts are text + images, comments are threaded one level deep, users follow authors and get a feed of new posts from who they follow. Definition of Done, Per Stage Repeat this loop at every stage before moving to the next: A stage is not ""done"" when the diagram looks impressive. It's done when you can say, out loud, which single number forced each box you added — and which boxes from the  next  stage you are deliberately not adding yet. Stage 1 — 1,000 Users Estimate: 1,000 users, generously 10% DAU writing/reading daily → 100 DAU. At 2 posts read per session and a handful of sessions/day, this is comfortably under   1 request/sec   even at a generous peak multiplier. Storage: 1,000 users × maybe 20 posts × 2 KB each ≈ 40 MB. This is not a systems problem yet."
docs/system-design-exercises/collaborative-editor.md,mixed,2,1,1,0,"!!! example ""Hypothetical concurrent edit"" Two editors insert text at the same position while one is briefly offline. Each local document looks correct, yet applying operations in arrival order produces different results. The design must converge without making typing wait for a round trip. Difficulty:   Senior → Staff |   Time:   60–75 minutes Cover each section and work it yourself first. Before every ""Version N"" reveal there is a  ???  box — commit to an answer before you open it. This exercise leans hard on  CRDTs  ../architecture-patterns/crdts.md  — read that page's RGA section before Version 2 if you haven't already; this page will not re-derive the algorithm, only decide where it lives in the architecture. 1. Problem Statement Design a collaborative document editor like Google Docs: multiple users open the same document and type simultaneously, each seeing the others' keystrokes appear in near-real time, with visible cursors showing where everyone else is working. Every other exercise on this site is either   request/response    rate limiter, pastebin  or   eventual convergence of independent writes made at different times    a CRDT counter that syncs on reconnect . This is neither. Two users can be typing in the  same paragraph, at the same moment , and both edits must land, in an order every client agrees on, within about 100ms of being typed — with no central server holding a lock and no user ever seeing their keystroke silently vanish because someone else typed first. The problem is not ""the data eventually agrees."" It's ""the data is being mutated by multiple writers  right now , live, in front of both users' eyes, and it still has to converge."" Do not reach for ""just use a database with row locking."" A lock held for the duration of a keystroke destroys the product — nobody will type through 100ms locks contested by a stranger. 2. Clarifying Questions ??? question ""What questions should you ask?"" -   Granularity:   Character-level operations, or line/block-level  like Notion's block model ? Assume character-level plain text first; rich text/formatting is a follow-up. -   Concurrency scale:   How many simultaneous editors on one document — 2, 20, or 500  a doc shared to a whole company ?"
docs/system-design-exercises/deployment-orchestration.md,mixed,2,1,1,0,"!!! example ""Hypothetical bad rollout"" A release passes health checks at 5% traffic and doubles checkout errors at 25%. Continuing is unsafe; rolling back a database migration may be worse. Design gates, evidence, pause, and rollback boundaries before the happy path. Difficulty:   Senior → Staff |   Time:   45–60 minutes Cover each section and work it yourself first. Before every ""Version N"" reveal there is a  ???  box — commit to an answer before you open it. This exercise assumes you already know  what  rollout strategies exist; the value here is building the  system  that executes one safely, unattended, across thousands of hosts. 1. Problem Statement CI/CD  ../cloud/cicd.md  and  Deployment Strategies  ../cloud/deployment-strategies.md  already cover  what  a rollout strategy is and  why  you'd pick canary over blue-green over rolling. Do not re-derive that here — link to it. This exercise is different: given that you've decided ""canary, then widen,""   who or what actually executes that decision across 10,000 hosts, minute by minute, without a human staring at a dashboard? That ""who"" is the deployment orchestrator: a system that takes an artifact and a target fleet, sequences the rollout into batches, watches real health signals after each batch, and  automatically  decides whether to proceed, pause, or roll back — fast enough that a bad deploy touches a small fraction of the fleet, not all of it, before anyone notices from an alert. Design that system. Not the strategy. The engine that runs the strategy. 2. Clarifying Questions ??? question ""What questions should you ask?"" -   Fleet shape:   VMs, containers on Kubernetes, or both? Bare-metal edge nodes with slow provisioning? -   Unit of rollout:   Per-host, per-pod, per-region, per-cell? Does the orchestrator understand service topology or just a flat host list?"
docs/system-design-exercises/distributed-cache.md,definition/meta,1,0,1,0,"Difficulty:   Foundation / Senior |   Time:   60–75 minutes Cover the solution sections   and work through each step yourself first. Use ""Hint"" tabs if stuck. Practice explaining out loud — the way you communicate matters as much as the solution. 1. Problem Statement Design a distributed, in-memory cache system — the kind of thing a company builds  or buys, as Redis/Memcached  to sit in front of a slower primary data store. Clients  GET ,  SET , and  DELETE  keys; the cache is horizontally scaled across many nodes and survives individual node failures without becoming globally unavailable. 2. Clarifying Questions Practice asking these before designing: ??? question ""What questions should you ask?"" -   Consistency:   Is stale data acceptable for a short window, or must reads always see the latest write? -   Data size:   What's the typical value size? KB-scale  session data  or MB-scale  rendered pages ? -   Access pattern:   Read-heavy, write-heavy, or mixed? Uniform key access or skewed  hot keys ? -   TTL:   Do all keys expire, or is this closer to a durable store with caching semantics? -   Durability:   Is data loss on a node failure acceptable  it's ""just a cache,"" source of truth is elsewhere  or does the cache itself need to survive restarts?"
docs/system-design-exercises/distributed-job-scheduler.md,scene/hook,3,1,1,1,"!!! example ""Hypothetical duplicate run"" A worker finishes payroll but loses its lease before acknowledging completion. Another worker receives the same job. The scheduler must recover work without pretending it can make arbitrary side effects exactly once. Difficulty:   Senior → Staff |   Time:   60–75 minutes Cover each section and work it yourself first. This design leans hard on  Distributed Fundamentals  ../distributed-systems/fundamentals.md   leases, leader election  and  Raft  ../distributed-systems/raft.md   consensus mechanics  — read those first if the terms are unfamiliar. The value here isn't the diagram; it's predicting exactly where ""the job runs once"" stops being true. 1. Problem Statement Build a scheduler like cron, but distributed: users register recurring jobs   0         , ""every hour""  and one-off jobs  ""run at 2026-08-20T03:00Z"" , a fleet of workers executes them, and the system must give a   specific correctness guarantee  : each scheduled firing runs   exactly once   — not zero times because a coordinator died at the wrong instant, and not twice because two schedulers both believed they owned that trigger. Three sub-problems, not one: 1.   Trigger correctness.   A single process with an in-memory timer is trivially correct until it crashes — then every job whose fire time passed during the outage is  silently gone , not late. That's worse than a slow response; nothing indicates the job should have run at all. 2.   Execution correctness.   A worker can crash mid-job. Does the job retry? On what basis do you decide a retry is safe — does retry risk running the job's side effects twice  charging a customer twice, sending a duplicate email ? 3.   Dependency correctness.   Real workloads aren't independent cron lines — they're DAGs  Airflow's shape :  extract → transform → load , where  transform  must not start until  extract  succeeds, and must not run at all if  extract  failed and there's no meaningful data to transform. Do not reach for ""just use a cron library and a queue."" First decide where the durable record of ""what should have fired"" lives, because that record — not the timer — is what makes exactly-once possible at all. 2. Clarifying Questions"
docs/system-design-exercises/distributed-kv-store.md,scene/hook,3,1,1,1,"Difficulty:   Staff |   Time:   75–90 minutes Cover the solution sections   and work through each step yourself first. Use ""Hint"" tabs if stuck. Practice explaining out loud — the way you communicate matters as much as the solution. 1. Problem Statement Design a distributed key-value store in the style of the   Dynamo paper   or   Cassandra's storage core   — leaderless, quorum-replicated, always-writable. This is   not   Amazon DynamoDB the product: DynamoDB uses a   per-partition leader  , not Cassandra-style leaderless quorums. Clients  PUT ,  GET , and  DELETE  keys; the store partitions data across many nodes, replicates it for durability and availability, and must keep accepting writes even during network partitions. !!! note ""How this differs from Distributed Cache"" This exercise is conceptually adjacent to  Distributed Cache  distributed-cache.md  — both partition data across nodes and both use consistent hashing — but the NFRs are almost inverted. A cache is disposable  durability best-effort, source of truth lives elsewhere, eviction is a feature ; this store   is   the source of truth: data must never be silently lost, there is no upstream database to fall back to on a miss, and there's no eviction policy at all — data lives until explicitly deleted. That single difference cascades into nearly every design decision below: replication exists here for   correctness and durability  , not just to absorb read/write throughput. 2. Clarifying Questions Practice asking these before designing: ??? question ""What questions should you ask?"" -   Consistency:   Does every client need strong consistency, or is tunable per-request consistency acceptable  some reads can be fast+stale, others must be fresh ? -   Availability vs. consistency under partition:   If the network splits, should the store keep accepting writes on both sides  AP , or refuse writes on the minority side  CP ? -   Data model:   Pure key-value, or do we need range queries, secondary indexes, structured values?"
docs/system-design-exercises/distributed-message-queue.md,scene/hook,3,1,1,1,"!!! example ""Hypothetical broker failure"" A broker dies after acknowledging an order event but before followers confirm it. Producers cannot safely guess whether to retry, and consumers must resume without losing their place. Define durability, ordering scope, and acknowledgement semantics before partitions. Difficulty:   Senior → Staff |   Time:   60–75 minutes Cover each section and work it yourself first. The  Kafka Deep Dive  ../messaging/kafka.md  and  Kafka Internals & Pulsar Comparison  ../messaging/kafka-internals-pulsar-comparison.md  pages own the mechanics of ISR, rebalancing, and offset tracking — link to them for depth rather than re-deriving. This page is the  system design : requirements, capacity, version-by-version evolution, and failure trade-offs. 1. Problem Statement Design a distributed message queue like Kafka: producers write messages to named topics, topics are split into partitions for parallelism, and consumer groups read those partitions with tracked offsets. Every other exercise on this site designs a system that  uses  infrastructure — a cache, a database, an object store — to serve its own users. This one is different:   the system itself is the durability and ordering guarantee that other systems depend on.   The  notification system  notification-system.md  and  web crawler  web-crawler.md  exercises both assume a queue like this sits underneath them — they are consumers of durable, ordered delivery, not builders of it. If this design silently drops a message, every system built on top of it inherits that bug without knowing it. If this design reorders messages within a partition, any consumer relying on per-key ordering  e.g. ""process a user's events in the order they happened""  is wrong in a way that's nearly impossible to detect downstream. That asymmetry — the queue's correctness bugs are invisible until a consumer's business logic breaks weeks later — is what should drive every version below. Do not start with partitioning. Start with: what does ""the message is safe"" mean, and when are you allowed to say so to the producer? 2. Clarifying Questions ??? question ""What questions should you ask?"" -   Ordering scope:   Global order, or is per-key order  e.g. per user, per order id  sufficient? -   Durability bar:   Can we ever lose an acknowledged message? Under what failure  disk, single broker, whole rack ?"
docs/system-design-exercises/ecommerce-platform.md,scene/hook,3,1,1,1,"!!! example ""Hypothetical flash sale"" One item has 100 units and 50,000 buyers click purchase in a minute. A cached stock count makes checkout fast but can oversell; a global lock preserves stock and destroys throughput. Decide where inventory becomes a reservation. Difficulty:   Senior/Staff |   Time:   60–90 minutes Cover each section and work it yourself first. Before every ""Version N"" reveal there is a  ???  box — commit to an answer before you open it. Payment gateway integration, idempotency keys, and exactly-once charging are   not   re-derived here — see  Payment Processing  payment-processing.md  for that and cross-reference it during checkout. 1. Problem Statement Design an e-commerce platform: users browse a product catalog, search, add items to a cart, check out, pay, and track their order to delivery. Think Amazon at small scale. Most of this system is a read-heavy browse/search problem — similar in shape to other catalog- and feed-style exercises already on this site: index the catalog, cache aggressively, serve from replicas, done.   That is not the hard part, and treating it as the centerpiece is a mid-level answer. The hard part is one narrow, sharp problem:   inventory correctness under concurrent purchase contention.   A product has 1 unit left. Fifty people click ""Buy Now"" in the same second  a flash sale, a restock announcement, a doorbuster . Exactly one purchase must succeed. The other 49 must fail  before  a card is charged, not after. And the inverse failure mode is just as real: 200 people add that last unit to a cart and never check out — if you naively reserve stock on ""add to cart,"" the item is now permanently unsellable even though nobody bought it. This is the same  shape  of problem as the  rate limiter  rate-limiter.md  — a shared mutable integer under concurrent writes — but the correctness bar is inverted. A rate limiter can admit 3% too many requests under a race and nobody notices. Inventory cannot oversell by even one unit without a real customer getting a cancellation email, a refund, and a reason to never order from you again. Approximate is not an option here. Payment capture, idempotency keys, retry-safe charging, and PSP webhook handling are a solved problem on this site — see  Payment Processing  payment-processing.md . This exercise assumes that system exists behind a  POST /payments  call and focuses on the part payment-processing.md doesn't cover: what has to be true about  inventory  before you're allowed to call it. 2. Clarifying Questions ??? question ""What questions should you ask?"""
docs/system-design-exercises/file-storage-sync.md,scene/hook,3,1,1,1,"!!! example ""Hypothetical offline edit"" A laptop edits a file offline while a phone renames it and another user deletes the shared folder. When all three reconnect, “latest timestamp wins” can discard valid work. Define identity, versioning, chunk transfer, and conflict behavior first. Difficulty:   Senior |   Time:   60–75 minutes Cover each section and work it yourself first. Before every ""Version N"" reveal there is a  ???  box — commit to an answer before you open it. This exercise shares its metadata/blob split with  Pastebin  pastebin.md ; don't re-derive that part. Spend your time on what's actually new:   sync across devices that go offline  . 1. Problem Statement Design a service like Google Drive or Dropbox: a user has files organized in folders, edits them from multiple devices  laptop, phone, a synced desktop folder , and expects every device to converge on the same state — automatically, without re-uploading gigabytes for a one-line edit. What's identical to  Pastebin  pastebin.md :   the metadata/blob split  small, hot, indexed rows in a fast store; large bytes in object storage  and the reasoning for why you don't stuff megabyte files into database rows. If you're re-deriving that split from scratch here, you're wasting interview time — cite it and move on. What's actually new — and the reason this is a harder exercise than Pastebin: 1.   Efficient sync, not just storage.   A paste is written once and read many times. A file is  edited  — a user changes one paragraph in a 2 GB video project file, or one line in a config file. Re-uploading the whole object on every edit is the naive answer, and it is the thing that must break first in this interview. The real problem is   detecting and transferring only the changed bytes    chunking + delta sync . 2.   Multi-device convergence under intermittent connectivity.   Devices go offline  laptop closed, phone in airplane mode  and reconnect later. Each device must catch up efficiently — not re-scan the whole account — and the system must decide what ""catching up"" means when the account changed while the device was gone. 3.   Conflict resolution.   Two devices can edit the  same file  while both are offline from each other. There is no way to prevent this; the design question is what happens when both reconnect and both have a legitimate, divergent version of the same file. Silent data loss  ""last write wins"" ate someone's afternoon of work  is the failure mode interviewers are listening for you to name. Do not open with chunking. Start from the same ""does the naive thing actually break, and at what scale"" discipline as the other exercises — Version 1 will be whole-file upload/download with polling, and you'll be asked to find where it hurts before adding machinery."
docs/system-design-exercises/food-delivery.md,scene/hook,3,1,1,1,"!!! example ""Hypothetical dinner rush"" The restaurant says 15 minutes, the courier arrives in five, and the customer watches an ETA drift upward. Three parties update one order on different clocks. Design the state machine and dispatch loop before optimizing map queries. Difficulty:   Senior → Staff |   Time:   60–75 minutes Cover each section and work it yourself first. Before every ""Version N"" reveal there is a  ???  box — commit to an answer before you open it. This exercise reuses two designs you should already know: courier-to-order matching is  ride-hailing.md  ride-hailing.md 's driver-matching problem with a extra gate in front of it, and money movement follows  payment-processing.md  payment-processing.md 's idempotency/outbox machinery. Do not re-derive either — cite them and spend your time on what's actually new here. 1. Problem Statement Design a food delivery platform: a customer browses a restaurant's menu, places an order, the restaurant accepts and prepares it, a courier is matched and picks it up, and the customer tracks it to their door. Money moves from customer to platform to restaurant and courier. ride-hailing.md  ride-hailing.md  is a   two-party   real-time matching problem: rider and driver, matched once, tracked until drop-off.  payment-processing.md  payment-processing.md  is a   single financial actor  : charge a card, handle PSP failure, never double-charge. This exercise is neither alone — it's a   three-party state machine    customer, restaurant, courier  where all three must agree before the order can proceed, and a failure by  any one  of them mid-flight must be unwound without losing the order or double-charging the customer. The genuinely new problem: courier matching from ride-hailing.md assumed a driver was matchable the instant a rider requested. Here, matching is gated on something ride-hailing never had —   the restaurant's prep-time estimate  , which is uncertain, self-reported, and changes with how busy the kitchen is right now. Assign a courier too early and they idle at the counter, or worse, arrive before the food exists. Assign too late and the food sits out cooling — a stale order isn't just late, it's ruined. Get this timing wrong in either direction and you've either wasted a courier's trip or handed a customer cold food; both cost you the account. 2. Clarifying Questions ??? question ""What questions should you ask?"" -   Acceptance model:   Must the restaurant explicitly accept every order, or is it auto-accepted with an opt-out reject window? -   Prep-time source:   Restaurant-entered per order, a fixed per-restaurant default, or a model that learns from historical prep times?"
docs/system-design-exercises/hotel-flight-booking.md,scene/hook,3,1,1,1,"!!! example ""Hypothetical stale inventory"" Search shows the last room, but the supplier sells it before checkout returns. The aggregator cannot lock every external inventory system. Separate quoted availability from confirmed booking and make compensation explicit. Difficulty:   Senior → Staff |   Time:   60–75 minutes Cover each section and work it yourself first. Before every ""Version N"" reveal there is a  ???  box — commit to an answer before you open it. This exercise looks like a seat-inventory problem; it is actually two harder problems wearing that costume — read Section 1 before you draw a single box. 1. Problem Statement Design a booking aggregator like Expedia or Booking.com: a user searches ""hotels in Austin, June 5–9"" or ""flights SFO→JFK, June 5"", sees ranked results with prices, picks one, and books it. Payment is collected, a confirmation is issued, and the room/seat is no longer offered to other searchers. Two things make this a different exercise from every other inventory system on this site, and both need to be named out loud before you design anything: a  The inventory unit is a date range, not a point-in-time count.   A concert-ticket system asks ""is seat 14C available, yes or no"" — one boolean per seat. Here the question is ""is room 204 available for check-in June 5 through check-out June 9"" — a request to book June 6–7 must be checked against  every existing reservation whose range overlaps  those two nights, not against a single counter. A flight leg is a coarser version of the same problem  one flight, one date, but seat  classes  with counts that must not oversell  — but multi-night hotel stays are the sharper case and the one this exercise centers on. b  You do not own the inventory.   In the agency/aggregator model, the hotel chain or airline is the system of record for their own rooms and seats. You hold a  cached, possibly stale  copy of their availability and price, refreshed on your own schedule, not theirs. Between the moment your search result renders and the moment the user clicks ""book,"" the supplier's real inventory can change out from under you — someone booked directly on the hotel's own site, or another OTA sold the last room first. You did not cause that race, but your system has to detect and handle it gracefully every single time, because at meaningful scale it happens constantly, not as an edge case. Everything from the data model to the saga in Version 3 is a consequence of these two facts. 2. Clarifying Questions ??? question ""What questions should you ask?"""
docs/system-design-exercises/index.md,definition/meta,1,0,0,1,"Work each exercise with the solution covered. V1 is always the simplest useful system. A component that does not kill a named bottleneck does not belong. Score a mock with the  assessment rubric  assessment.md  — do   not   require matching a reference architecture. Short worked examples of the reasoning loop:  Reasoning transcripts  ../foundations/reasoning-transcripts.md . !!! tip ""Going past the checklist"" Every exercise ends with a Self-Assessment checklist — good for confirming you covered the material. A few flagship exercises   URL shortener  url-shortener.md ,  Rate limiter  rate-limiter.md ,  Payment processing  payment-processing.md ,  WhatsApp  whatsapp.md   also carry a   Five-Level Self-Assessment    Explain → Predict → Diagnose → Design → Defend  — a harder bar than ""did I cover it,"" testing whether you can reason about the design under a new scenario, not just recall it. Apply the same five questions to any other exercise here once you've worked through it: state the core mechanism in one sentence, predict what breaks under a named change in load, diagnose a symptom back to its likely cause, extend the design to a new requirement, and defend your choice against the next-most-obvious alternative. First release | Exercise | Level | Status | |----------|-------|--------| |  Architectural subtraction  architectural-subtraction.md  | Senior / Staff | Complete | |  URL shortener  url-shortener.md  | Foundation | Complete | |  Rate limiter  rate-limiter.md  | Foundation / Senior | Complete | |  Payment processing  payment-processing.md  | Senior / Staff | Complete | |  WhatsApp / messaging  whatsapp.md  | Senior / Staff | Complete |"
docs/system-design-exercises/instagram.md,mixed,2,1,1,0,"!!! example ""Hypothetical launch"" A celebrity posts once and 30 million followers refresh together. Fan-out-on-write makes publishing explode; fan-out-on-read makes every feed request expensive. Decide where this account stops following the normal path. Difficulty:   Senior/Staff |   Time:   60–75 minutes Cover each section and work it yourself first. Before every ""Version N"" reveal there is a  ???  box — commit to an answer before you open it. This exercise shares its fan-out mechanics with the  Social Feed  social-feed.md  exercise; don't re-derive those here — the value of  this  exercise is the media pipeline. 1. Problem Statement Design a photo/video-sharing service like Instagram: a user uploads a photo or short video, it gets processed into multiple display sizes, and appears in their followers' feeds. Users can also post an ephemeral   story   that disappears after 24 hours. Anyone with access can view a profile's grid of past posts. This looks like the Social Feed exercise. It is not, underneath. The follow graph, the celebrity fan-out problem, and the feed precompute/merge trade-off are   identical   — see  Social Feed  social-feed.md  for that mechanism; apply it here rather than re-deriving it. What's actually different: the payload is now a multi-megabyte image or video instead of 280 bytes of text, which means you now own   media storage and CDN delivery  ,   aspect-ratio-aware thumbnail/transcode generation    a photo isn't ""done"" until 4–5 derived resolutions exist , and   stories  , which introduce a TTL-based, self-expiring content type that a feed of permanent posts never has to handle. 2. Clarifying Questions ??? question ""What questions should you ask?"" -   Media types:   Photos only, or video too? What's the max video length  Reels-style short clips vs longer uploads ? -   Processing SLA:   Must all derived resolutions exist before the post is visible to anyone, or can the original show first while thumbnails generate async? -   Stories vs feed posts:   Confirm the TTL  24h is the product default  — is early deletion by the user allowed? Can a story be replied to/screenshotted?"
docs/system-design-exercises/load-balancer.md,mixed,2,1,1,0,"Difficulty:   Foundation |   Time:   45–60 minutes Cover the solution sections   and work through each step yourself first. This exercise is the  systems design  companion to the  Load Balancing  ../networking/load-balancing.md  concept page — that page teaches the algorithms and failure modes; this page asks you to build the service that runs them at scale. 1. Problem Statement Design a load balancer service that sits in front of a fleet of backend servers and distributes incoming traffic across them. It must pick a healthy backend per request/connection, detect and remove dead backends without dropping in-flight work, and let operators add or remove capacity without a config-and-restart cycle. Assume this is a product you build and run — not a vendor black box — because an interviewer will ask what happens inside it. 2. Clarifying Questions Practice asking these before designing: ??? question ""What questions should you ask?"" -   Protocol:   TCP/UDP passthrough  L4  or HTTP/gRPC-aware routing  L7 ? -   Scope:   One region, or global with multiple points of presence? -   Backend churn:   Static fleet or autoscaling, with nodes added/removed every few minutes? -   Statefulness:   Do backends hold session state, or is everything externalized  Redis, DB ? -   Traffic shape:   Short request/response, or long-lived connections  WebSocket, gRPC streams ?"
docs/system-design-exercises/log-aggregation.md,scene/hook,3,1,1,1,"!!! example ""Hypothetical outage search"" During an outage, log volume rises 20× precisely when engineers need search. Blocking applications to preserve logs spreads the failure; dropping everything erases evidence. Design buffering, backpressure, indexing, and retention by priority. Difficulty:   Senior → Staff |   Time:   60–75 minutes Cover each section and work it yourself first. Before every ""Version N"" reveal there is a  ???  box — commit to an answer before you open it. The value of this exercise is not the diagram; it's predicting  why  the previous version breaks. 1. Problem Statement Design a system like Splunk or the ELK/EFK stack: every service in a large fleet writes log lines  stack traces, request logs, debug output  to stdout or a file, and the system must collect all of it, make it   searchable by free text and structured fields  , and let an on-call engineer find the five relevant lines out of a firehose within seconds during an incident. If you've done a  metrics/monitoring  metrics-monitoring.md  design, resist copying it. A metric is one small structured number emitted every 10–60 seconds per instrument. A log line is unstructured or semi-structured   text  , and a single incoming HTTP request can fan out into a dozen or more log lines across a handful of services. Fleet-wide, that's ~60× more bytes/second than the equivalent metrics pipeline  2M lines/s × 500 B vs ~1M points/s × 16 B — not 100–1000× , and the query pattern is fundamentally different too: metrics answer ""what is the value of X over time""  aggregation over numbers , logs answer ""show me every line mentioning request ID  abc123 ""  search over text . That means you need something closer to the  search engine  search-engine.md 's inverted index, not a time-series rollup — but built for a stream that is append-only, time-ordered, and enormous. The other axis that dominates this design is economics. At real fleet scale, raw log volume is genuinely   petabyte-scale per year  , and every byte you index for full-text search costs several times more than the byte cost to just store it. The whole system is an exercise in deciding, continuously, what deserves to be searchable  now , what can be searchable  later , and what is only worth keeping as a cold, un-indexed archive you'd retrieve in the rare case someone needs it for compliance. 2. Clarifying Questions ??? question ""What questions should you ask?"" -   Volume:   How many hosts/containers, how many log lines/second fleet-wide, average line size? -   Structured or not?   Free-text stdout, or JSON structured logs with known fields   level ,  service ,  trace id  ?"
docs/system-design-exercises/maps-navigation.md,scene/hook,3,1,1,1,"!!! example ""Hypothetical road closure"" A road closes after thousands of drivers have cached routes through it. Recomputing every global route is too slow; ignoring the update sends cars into congestion. Separate map data, live traffic, route search, and incremental rerouting. Difficulty:   Senior → Staff |   Time:   60–75 minutes Cover each section and work it yourself first. Before every ""Version N"" reveal there is a  ???  box — commit to an answer before you open it. This exercise shares spatial-indexing ground with the  ride-hailing exercise  ride-hailing.md ; do not re-derive geohashing here — reference it and spend your time on what's actually new:   routing over a graph  . 1. Problem Statement Design a mapping and navigation service: a user requests a route from point A to point B, the system returns the fastest path along with turn-by-turn directions and an ETA, the map itself renders as pannable/zoomable tiles, and ETAs stay accurate as live traffic changes the fastest path minute to minute. The  ride-hailing exercise  ride-hailing.md  is the closest thing on this site to this one, and it's tempting to reuse its answer wholesale — it isn't the same problem. Ride-hailing's hard query is ""who are the K nearest moving points to  this  point, right now?"" — a nearest-neighbor search over a set of independent points, solved with geohash cells. This exercise's hard query is   ""what is the cheapest path through a graph of a billion edges, where edge weight changes continuously?""   — a shortest-path problem, not a nearest-neighbor problem. Finding  a  driver near you and finding  the fastest way  from you to somewhere across a continent are different data structures with different failure modes: nearest-neighbor degrades with point density, shortest-path degrades with graph size and staleness of edge weights. Say this distinction early — reusing geohash intuition here  e.g. ""just index road segments into geohash cells and scan nearby ones""  solves point-location but does nothing for the actual graph-traversal cost, which is where this design lives or dies. Road-segment   spatial indexing    which tile or region a segment belongs to  does reuse ride-hailing's geo-partitioning ideas — reference that page rather than re-deriving it. What's new here is everything downstream of ""I've found the relevant part of the graph"": how you traverse billions of edges fast enough for a sub-200ms budget, and how you keep edge weights honest against traffic that changes every few seconds. 2. Clarifying Questions ??? question ""What questions should you ask?"" -   Routing scope:   Driving only, or also walking/cycling/transit?  Each has a different graph and different edge weights — scope to driving for this exercise. -   Live traffic:   Does the route need to reflect traffic  right now , or is a periodically-refreshed average acceptable?"
docs/system-design-exercises/metrics-monitoring.md,scene/hook,3,1,1,1,"!!! example ""Hypothetical cardinality incident"" A deploy adds  user id  as a metric label and cardinality jumps from thousands to millions. Ingestion survives briefly, then memory and query latency collapse. Design limits and aggregation before storage becomes the incident. Difficulty:   Senior → Staff |   Time:   60–75 minutes Cover each section and work it yourself first. The  Observability  ../observability/index.md  pages cover  why  metrics matter — SLIs, SLOs, error budgets, the cardinality trap conceptually. This exercise is the  system  underneath those concepts: what ingests millions of points/second, stores years of history cheaply, and pages someone within seconds of a threshold breach. 1. Problem Statement Design a metrics platform like Datadog or Prometheus-at-scale: every host, container, and pod in a fleet emits numeric time-series data   cpu.usage ,  http.requests ,  queue.depth   tagged with labels   host ,  region ,  endpoint ,  status code  . The system must ingest this continuously, store it queryably for months, render dashboards, and fire alerts when a metric crosses a threshold. Two things make time-series data a genuinely distinct storage problem, and most candidates only see the first: 1.   Extreme write volume of small, structured points.   A fleet of 50,000 hosts each emitting 200 metrics every 10 seconds is 1M writes/second before a single dashboard is opened. This looks like ""just scale the database"" — and it's the easy half of the problem. 2.   Cardinality explosion.   Every unique combination of metric name + label values is an independent time series.  http.requests{endpoint, status code}  with 200 endpoints × 10 status codes is 2,000 series — fine. Add  user id  or  request id  as a label and you turn 2,000 series into tens of millions, because the storage engine allocates a new series  and its own index entry, its own compressed block, its own memory  for every distinct label combination it has ever seen. This is not a tuning problem you fix later — it is the difference between a design that works and one that falls over in production, and it is where nearly every real metrics-system outage actually comes from. Do not reach for ""just use Prometheus"" or ""just use InfluxDB"" as an answer. Explain  why  a time-series-shaped store exists at all, and name the cardinality trap before an interviewer has to lead you to it. 2. Clarifying Questions ??? question ""What questions should you ask?"""
docs/system-design-exercises/notification-system.md,mixed,2,1,1,0,"Difficulty:   Senior |   Time:   60–75 minutes Cover the solution sections   and work through each step yourself first. Use ""Hint"" tabs if stuck. Practice explaining out loud — the way you communicate matters as much as the solution. 1. Problem Statement Design a notification system for a large consumer app  e.g., an e-commerce or social platform  that delivers messages to users across multiple channels — push notifications  mobile , email, SMS, and in-app notifications. Example triggers: ""your order shipped,"" ""someone liked your post,"" ""your password was changed,"" ""flash sale ends in 1 hour."" The system must fan out a single business event to potentially millions of recipients, respect each user's preferences, and provide delivery guarantees appropriate to the notification's importance. 2. Clarifying Questions Practice asking these before designing: ??? question ""What questions should you ask?"" -   Scale:   How many notifications per day? Peak fan-out size  e.g., a broadcast to all users ? -   Channels:   Which channels are in scope — push, email, SMS, in-app, all four? -   Triggers:   Are notifications triggered by internal events  order shipped  or external campaigns  marketing blasts ? Both? -   Guarantees:   Do all notifications need ""at least once"" delivery, or is best-effort acceptable for low-priority ones? -   Ordering:   Does delivery order matter  e.g., ""item shipped"" before ""item delivered"" ?"
docs/system-design-exercises/online-auction.md,scene/hook,3,1,1,1,"!!! example ""Hypothetical final second"" Two bids arrive in the final 50 ms from different regions. Each bidder sees itself winning, but only one ordering can set the price. Define authoritative order, extension rules, and notification lag before scaling reads. Difficulty:   Senior |   Time:   60–75 minutes Cover each section and work it yourself first. Before every ""Version N"" reveal there is a  ???  box — commit to an answer before you open it. This exercise is less about storage layout and more about   ordering under time pressure  : get the design right for the last 10 seconds of a hot auction, and the rest is easy. 1. Problem Statement Design a service like eBay: sellers create listings, buyers place competing bids in real time, and the highest bid at a fixed close time wins. Two properties make this harder than most CRUD systems: 1.   Strict per-item bid ordering under concurrency.   A bid is valid only if it exceeds the current highest bid  at the moment it is evaluated . Two bidders submitting near-simultaneously on the same popular item must be resolved deterministically — no double-acceptance, no lost higher bid, no ambiguity about who was actually leading when. 2.   A hard time boundary with a fairness problem baked in.   The auction closes at an exact  end time . Bids arriving in the final second are exactly as valid as bids from an hour earlier, but network jitter means a bidder with worse latency can have their  earlier, higher  intent arrive  after  a  later, lower  bid from someone closer to your servers — a race your system, not the network, is responsible for resolving fairly. This is the classic ""sniping"" problem: bidders wait until the last moment to bid, and an outbid buyer needs a real chance to respond, or the auction becomes a latency contest instead of a price contest. Do not start with ""just use a database with a highest-bid column."" That handles requirement 1 badly and requirement 2 not at all. Decide first what ""fair"" and ""final"" actually mean before drawing boxes. 2. Clarifying Questions ??? question ""What questions should you ask?"" -   Auction format:   English  ascending, open  auction, or sealed-bid?  Assume English/open — it's what makes this exercise hard."
docs/system-design-exercises/pastebin.md,scene/hook,3,1,1,1,"!!! example ""Hypothetical viral paste"" A burn-after-read paste is opened at the same moment a public paste goes viral. One requires an atomic first read and deletion; the other needs cacheable, high-volume delivery. The API looks like a URL shortener, but content size, visibility, and deletion semantics force a different design. Difficulty:   Foundation |   Time:   45–60 minutes Cover each section and work it yourself first. Before every ""Version N"" reveal there is a  ???  box — commit to an answer before you open it. The value of this exercise is not the diagram; it's predicting  why  the previous version breaks. 1. Problem Statement Design a service like Pastebin: a user pastes text, gets back a short URL, and anyone with that URL can read the text back. Optional: expiration, syntax highlighting, private pastes, burn-after-read. This looks like the URL shortener. It is not. A shortened URL points  away  from you; a paste's content  is  your storage problem. Do not reuse the shortener's architecture without checking which assumptions still hold. 2. Clarifying Questions ??? question ""What questions should you ask?"" -   Size:   What's the max paste size — 1 KB snippets, or multi-MB log dumps? -   Lifetime:   Do pastes expire by default? Can the user set a TTL or ""burn after read""? -   Mutability:   Once created, can a paste be edited?  Usually no — simplifies caching enormously."
docs/system-design-exercises/payment-processing.md,mixed,2,1,1,0,"!!! example ""Hypothetical ambiguous payment"" The PSP charges a card and the network returns 504 before checkout receives the result. “Just retry” can double-charge the customer; “never retry” can leave a paid order marked failed. Design the state transition and idempotency boundary that make an unknown outcome recoverable. Difficulty:   Senior/Staff |   Time:   60–90 minutes !!! warning ""This is hard. That's the point."" Payment systems are the canonical example of distributed systems correctness requirements. Money must never be created or destroyed. This design reveals most distributed systems challenges simultaneously. 1. Problem Statement Design a payment processing system for an e-commerce platform. Users can pay for orders using cards or wallets. The system processes payments, handles failures gracefully, and never charges users incorrectly. 2. Clarifying Questions ??? question ""What to ask"" -   Payment methods:   Cards? Bank transfers? Wallets? Crypto? -   Integration:   Do we integrate with Stripe/Braintree or build PSP connections ourselves? -   Volumes:   Transactions per day? Peak TPS?"
docs/system-design-exercises/rate-limiter.md,scene/hook,3,1,1,1,"!!! example ""Hypothetical noisy client"" One API key becomes 40% of traffic during a partner retry loop. Redis holds the shared counters, then Redis itself slows down. If gateways fail closed, healthy customers are blocked; if they fail open, the partner can overload every backend. Design the smallest limiter that contains both failures. Difficulty:   Foundation → Senior |   Time:   45–60 minutes Cover each section and work it yourself first. The  Rate Limiting  ../reliability/rate-limiting.md  concept page has the algorithm simulator; this page is the  system design  — where the limiter lives, how it fails, and how you operate it. 1. Problem Statement You run a public API platform. Product wants every caller held to a quota:  N  requests per time window, configurable per API key, per endpoint, and later per plan  free vs paid . Excess traffic must be rejected quickly, with a response the client can act on. Legitimate bursts  a mobile app retrying after a blip  should not look identical to a scrape. Do not jump to Redis. First decide  what  you are limiting,  where  the decision happens, and  what is wrong  if you get it slightly wrong. 2. Clarifying Questions Practice asking these before drawing boxes: ??? question ""What questions should you ask?"" -   Who is the subject?   API key, user id, IP, tenant, or a combination? -   What is limited?   All endpoints equally, or read vs write separately?"
docs/system-design-exercises/recommendation-system.md,scene/hook,3,1,1,1,"!!! example ""Hypothetical cold start"" A new user has no history and a newly uploaded item has no interactions. The most accurate offline model has nothing to score. Design candidate generation, fallback signals, ranking, and feedback without trapping users in the first guess. Difficulty:   Senior/Staff |   Time:   60–75 minutes Cover each section and work it yourself first. This exercise is won on the   candidate generation → ranking funnel  , not on naming a specific ML framework.  Model Serving  ../ai-native/model-serving.md  covers  how  to host a model cheaply at low latency — this page assumes that mechanic and focuses on what's specific to recommendations: which candidates to score, how to rank them, and how to keep them fresh. 1. Problem Statement Design the system behind a ""Videos for you"" or ""Products you may like"" surface: given a user  and maybe a context — what they're currently viewing , return a small, personalized, ranked list of items from a catalog of millions to billions. The naive framing — ""score every item for every user, return the top K"" — is intractable, and saying so precisely is the first thing an interviewer listens for. If you have 500M users and a 50M-item catalog, and each user×item scoring call costs even 1ms on a capable model, a full scan is  500M × 50M × 1ms  — not a number you can make up with more machines. You cannot rank everything for every user on every request. The industry-standard answer is a   two-stage funnel  : 1.   Candidate generation   — cheaply narrow billions of items down to a few hundred  plausible  candidates for this user, using lightweight methods  embeddings + approximate nearest-neighbor search, popularity, co-occurrence . Optimizes for recall: don't miss good items, false positives are fine because ranking will filter them. 2.   Ranking   — expensively and precisely score those few hundred candidates with a heavier model that can use rich features  user history, item metadata, context, cross-features , and order them. Optimizes for precision on a small set, because that's the only place you can afford to spend real compute per request. This split is the entire architecture. Every version below is either improving candidate generation, improving ranking, or improving the freshness of the data both stages read from. For the  mechanics  of hosting the ranking model itself — batching, GPU autoscaling, cold starts — see  Model Serving  ../ai-native/model-serving.md ; this page is about what candidates to feed it and how to score them for  this  problem, not general inference infrastructure. 2. Clarifying Questions"
docs/system-design-exercises/ride-hailing.md,definition/meta,2,0,1,1,"!!! example ""Hypothetical stadium exit"" A match ends and 20,000 riders request cars in one geohash while driver locations change every few seconds. Stale proximity creates bad matches; globally current state cannot arrive cheaply. Decide where freshness matters and how a match becomes exclusive. Difficulty:   Senior → Staff |   Time:   60–75 minutes Cover each section and work it yourself first. Before every ""Version N"" reveal there is a  ???  box — commit to an answer before you open it. This exercise folds in   live location tracking   as a core section rather than a separate exercise — a driver's live GPS trail and ""find nearby drivers"" are the same underlying data structure problem, not two systems. 1. Problem Statement Design a ride-hailing platform: a rider requests a trip from point A to point B, the system finds and assigns a nearby available driver, both parties see each other's live location on a map until pickup and again until drop-off, and the trip is priced and closed out at the end. Every other exercise on this site reduces to caching, fan-out, or a shared counter — a hot key, a viral read, a shared integer.   This is the first exercise where the core hard problem is genuinely geospatial  : hundreds of thousands of drivers are continuously moving points, and the central query is ""who are the K nearest available points to  this  moving point, right now?"" That query has no cache-friendly answer — the answer set changes every few seconds as drivers move, and a naive relational index   WHERE lat BETWEEN ... AND lng BETWEEN ...   degrades badly at city scale. Say this distinction out loud early: you are not looking for a hot key to shard away, you are looking for a spatial data structure. 2. Clarifying Questions ??? question ""What questions should you ask?"" -   Matching model:   Does the system pick the ""best"" driver and push the request to them, or broadcast to nearby drivers and let one accept  like a job queue ? -   Location update frequency:   How often does the driver app report GPS — every second, every few seconds? -   Matching latency SLA:   How long can a rider wait before seeing  a  driver assigned?"
docs/system-design-exercises/search-engine.md,definition/meta,1,0,1,0,"!!! example ""Hypothetical breaking query"" A breaking event changes what millions of users expect from the same query within minutes. Crawling everything again is impossible, while a stale index loses relevance. Design crawl priority, indexing, retrieval, and ranking as different freshness loops. Difficulty:   Staff |   Time:   60–75 minutes Cover each section and work it yourself first. Use ""Hint"" tabs if stuck. This exercise assumes a corpus already exists — see  Web Crawler  web-crawler.md  for how pages get discovered and fetched. Practice explaining out loud — the way you communicate matters as much as the solution. 1. Problem Statement Design the system behind a web search engine: given a corpus of crawled documents, build a structure that answers ""which documents contain this term, and in what order should they be shown"" in under 200ms, over billions of documents and millions of unique terms. This is a different problem shape than the other two search-adjacent exercises on this site.  Web Crawler  web-crawler.md  covers  discovery  — how pages get found and fetched into a corpus; it stops at ""content is stored.""  Autocomplete  autocomplete.md  covers  prefix search  over a bounded set of past queries, ranked by frequency. Neither builds an   inverted index   or does   relevance ranking   over free-text queries against a full-web corpus — that's what's new here: index-then-query, at a scale where the index itself doesn't fit on one machine. Out of scope: crawling/fetching mechanics  link to web-crawler.md , typeahead-as-you-type suggestions  link to autocomplete.md , and the crawler's freshness scheduling. In scope: turning crawled documents into a queryable index, ranking results, and serving queries fast at scale. 2. Clarifying Questions Practice asking these before designing: ??? question ""What questions should you ask?"" -   Corpus size:   How many documents? Growing at what rate?"
docs/system-design-exercises/social-feed.md,mixed,2,1,1,0,"Difficulty:   Senior/Staff |   Time:   60–75 minutes Cover the solution sections. Draw V1 yourself before opening later diagrams. The interview is won on the   fan-out trade-off   and the   celebrity problem  , not on naming Cassandra. 1. Problem Statement Design a home timeline like Twitter/X. A user follows other users. When they open the app, they see a feed of recent posts from everyone they follow, newest-ish first. Posting should feel instant. Reading the feed should feel instant. Some accounts have 100M+ followers; some users follow tens of thousands of accounts. Both extremes have to work on the same system. Start from that product. Do not start from Kafka. 2. Clarifying Questions ??? question ""What questions should you ask?"" -   Chronological or ranked?   Strict reverse-chron, or a ranking model reordering the last N posts? -   Who can post to whom?   Public follow graph  Twitter-style  vs mutual friends  different fan-out shape ? -   Celebrity accounts:   what's the follower distribution — is there a long tail with a handful of 10M+ accounts, or is it flatter? -   Feed freshness SLA:   does a post need to appear in a follower's feed within seconds, or is a minute acceptable? -   Feed depth:   how far back does ""the feed"" go — last 24h, last 800 posts, infinite scroll to the beginning of time?"
docs/system-design-exercises/ticket-booking.md,scene/hook,3,1,1,1,"!!! example ""Hypothetical onsale"" Ten thousand buyers select the same seat when an onsale opens. Showing availability is not ownership, and charging before reservation risks refunds. Design a bounded hold that survives retries and expires cleanly. Difficulty:   Senior |   Time:   60–75 minutes Cover each section and work it yourself first. Before every ""Version N"" reveal there is a  ???  box — commit to an answer before you open it. This exercise is not ""another inventory system"" — the whole point is figuring out  why  it isn't one before you draw a single box. 1. Problem Statement Design a service for booking seats to a specific event — a movie showtime or a concert. A user browses to an event, sees a seat map, picks specific seats   A12 ,  A13  , holds them while they enter payment, and confirms. Compare this to checking out a t-shirt on an e-commerce site: there, ""inventory"" is a count   stock = 47  , and any 47 units are interchangeable. Decrementing a counter with an atomic  UPDATE ... SET stock = stock - 1 WHERE stock   0  solves that problem completely. Here, inventory is   fixed, enumerated, and addressable  . Seat  A12  is not a fungible unit of ""one ticket"" — it is a specific physical location the UI must render, let the user click, and hold  for that user  while every other concurrent shopper sees it turn gray. You cannot sell ""a seat"" and assign it later; the user chose that seat because it's next to their friend in  A13 . This turns checkout into a per-row contention problem across thousands of rows, not a single counter. Now add the demand shape that makes this a systems problem instead of a CRUD problem: a superstar's tour goes on sale for one night at one 20,000-seat arena, and   500,000 people   hit ""buy"" inside the first 60 seconds. That's 25 people fighting over every seat, simultaneously, against a seat map that must stay visually and transactionally correct for all of them at once. A stock counter under this load just serializes fast decrements. A seat map under this load has 20,000 separate hot rows, a UI that must reflect state changes within seconds, bots trying to hold every seat before a human's browser finishes rendering, and a real-world consequence — a double-sold seat is a fistfight at will-call, not a refunded order. 2. Clarifying Questions ??? question ""What questions should you ask?"" -   Granularity:   Named/numbered seats  reserved seating  or general admission  just a headcount ? This exercise assumes reserved seating — it's the harder case. -   Hold duration:   How long does a user get to hold selected seats before checkout must complete?"
docs/system-design-exercises/url-shortener.md,mixed,2,1,1,0,"!!! example ""Hypothetical launch"" Marketing needs  sho.rt/launch  live by Friday. The launch tweet produces 115,000 redirects per second while every request targets one celebrity code. A single database row is logically sufficient and operationally dangerous. Before drawing boxes, decide what must remain correct on the write path and what the read path may cache aggressively. Difficulty:   Foundation |   Time:   45–60 minutes Cover the solution sections   and work through each step yourself first. Use ""Hint"" tabs if stuck. Practice explaining out loud — the way you communicate matters as much as the solution. 1. Problem Statement Design a URL shortening service  like bit.ly . Users submit a long URL and receive a short URL  e.g.,  https://sho.rt/abc123  . Anyone with the short URL is redirected to the original URL. 2. Clarifying Questions Practice asking these before designing: ??? question ""What questions should you ask?"" -   Traffic:   How many URLs shortened per day? How many redirects? -   URL lifetime:   Do shortened URLs expire? User-configurable TTL? -   Custom aliases:   Can users choose their own short code   sho.rt/my-brand  ?"
docs/system-design-exercises/video-calling.md,scene/hook,3,1,1,1,"!!! example ""Hypothetical large call"" A two-person call works peer to peer; the tenth participant multiplies upload streams until laptops and networks fail. The first architecture cannot survive the room growing. Earn the SFU from that bandwidth break, then handle packet loss and regional latency. Difficulty:   Senior/Staff |   Time:   60–75 minutes Cover the solution sections. Draw V1 yourself before opening later diagrams. This exercise is won on  media transport  and  loss handling  — a fluent answer about signaling alone is table stakes, not the differentiator. 1. Problem Statement Design a video calling product: two or more people join a call, see and hear each other in near real time, with acceptable quality on typical home networks. Support 1:1 calls and group calls up to some bound. Read  WhatsApp  whatsapp.md  first if you haven't — call   setup    invite, ring, join, presence, ""who's online""  is the same signaling problem as messaging: a control-plane message routed to a connection, over a WebSocket, with the same connection-fleet and presence patterns. Reuse that answer; do not re-derive it here. What's genuinely new is the   media itself  . A WhatsApp text message that's delayed 300ms is invisible to the user, and if it's dropped, TCP retransmits it — the user never knows. Neither is true for video: -   Deadline-aware loss recovery, not ""never retransmit.""   A video frame or audio packet has a use-by date measured in milliseconds. If it arrives late, it's useless. WebRTC does   not   go ""UDP only, no retries"": it uses   NACK + RTX    retransmit a packet if there is still time before playback ,   FEC    repair without a round trip , and   keyframe requests  PLI/FIR    when a reference frame is gone. Unbounded TCP-style retry is the thing you refuse — head-of-line blocking that stalls the stream. Loss that misses the deadline is   concealed  ; loss that still has budget is repaired. -   A brutal latency budget.   ITU-T guidance puts one-way audio delay under ~150ms before humans start noticing unnatural pauses and talking over each other; round-trip conversational delay above ~300–400ms feels broken. Compare to a chat app's multi-second delivery tolerance. Those two facts flip the transport choice: messaging rides TCP  reliable, ordered, will wait  because a chat message  can  wait. Calling rides   UDP  , specifically   RTP    Real-time Transport Protocol  over UDP, often with SRTP, because a video frame  can't  wait on TCP head-of-line blocking — better to drop or deadline-repair than freeze the whole stream. Everything downstream in this exercise — jitter buffers, NACK/RTX, FEC, SFU vs MCU — is a consequence of committing to ""on time, repair only if the deadline still allows"" over ""reliable but possibly late."" 2. Clarifying Questions"
docs/system-design-exercises/video-streaming.md,scene/hook,3,1,1,1,"!!! example ""Hypothetical premiere"" A global premiere starts at the same minute for ten million viewers. Origin capacity is finite, bitrates vary, and one missing segment becomes visible as a stall. Design the path from upload to transcoding, CDN placement, and adaptive playback. Difficulty:   Senior → Staff |   Time:   60–75 minutes Cover each section and work it yourself first. Before every ""Version N"" reveal there is a  ???  box — commit to an answer before you open it. This exercise's whole point is a size problem: every prior architecture in this series assumed the object fit in a cache or a single S3 GET. Here it doesn't. 1. Problem Statement Design a platform where users upload video, and other users watch it on connections ranging from a fiber line to a congested phone tower. Core loop: upload → process → store → deliver → play. Two facts break every assumption carried over from  pastebin  pastebin.md  or the URL shortener: -   Size.   A pastebin blob is KBs to a few MB. A raw video upload is   gigabytes  . You cannot treat it as ""one more object type"" in the content store — it needs chunked upload, asynchronous processing measured in minutes, and storage/egress costs that dominate every other line item on this site. -   Playback must adapt to a connection you don't control, in real time.   A pastebin read either succeeds or it doesn't. A video read is 90+ minutes of continuous delivery where the client's bandwidth can drop mid-stream — serve one fixed resolution and it either stalls on a bad connection or wastes bandwidth on a great one. These two facts are why this is a different exercise, not ""pastebin but bigger."" Don't reach for ""just put it in object storage and CDN it"" until you've named what happens between upload and a byte being playable. 2. Clarifying Questions ??? question ""What questions should you ask?"""
docs/system-design-exercises/web-crawler.md,problem-led,1,0,1,0,"Difficulty:   Senior/Staff |   Time:   60–75 minutes Cover the solution sections   and work through each step yourself first. Use ""Hint"" tabs if stuck. Practice explaining out loud — the way you communicate matters as much as the solution. 1. Problem Statement Design a distributed web crawler that discovers and fetches web pages at scale, similar to what powers a search engine's index. Starting from a set of seed URLs, the crawler must follow links to discover new pages, fetch billions of pages over time, avoid re-crawling the same content unnecessarily, respect each site's crawling rules, and store the fetched content for downstream indexing. 2. Clarifying Questions Practice asking these before designing: ??? question ""What questions should you ask?"" -   Scale:   How many pages total? How many new/refresh fetches per day? -   Freshness:   Do pages need periodic re-crawling  news sites daily, static pages monthly ? -   Scope:   Crawl the entire public web, or a bounded set of domains/seed sites? -   Content types:   HTML only, or also PDFs, images, JS-rendered SPAs? -   Politeness:   What crawl-rate constraints must we respect per domain  robots.txt, crawl-delay ?"
docs/system-design-exercises/whatsapp.md,mixed,2,1,1,0,"!!! example ""Hypothetical delivery gap"" A message shows one tick in a 1:1 chat, then a 256-member group sends at once while half its members are offline. Online fan-out wants immediate delivery; offline queues want durable catch-up without duplicating messages. Before choosing storage, say exactly what sent, delivered, and read mean for one device and for a group. Difficulty:   Senior/Staff |   Time:   60–75 minutes Cover the solution sections. Draw V1 yourself before opening later diagrams. The interview is won on  message path  and  failure , not on naming Cassandra. 1. Problem Statement Design a mobile messaging product. A user types a text  and later a photo  to one person or a group. Recipients see the message quickly if they are online, catch up when they open the app, and can tell whether it was sent, delivered, and read. They expect last night’s chat to still be there, and a green dot when a friend is online. Start from that product. Do not start from Kafka. 2. Clarifying Questions ??? question ""What questions should you ask?"" -   1:1 only, or groups?   Group size cap  256 vs 10K broadcast ? -   Delivery semantics:   at-least-once is fine if the client dedups? -   History:   lifetime? Search? Multi-device catch-up?"
